0,1,2,3,4,5,6
,,,,,,
2019-01-01,5.4013671875,6.056640625,5.1904296875,4.0390625,2.7861328125,5.3896484375
2019-01-02,4.0087890625,6.7470703125,2.6572265625,3.103515625,0.2041015625,1.08984375
2019-01-03,1.32421875,2.3984375,1.2138671875,1.119140625,0.0615234375,0.2822265625
2019-01-04,1.755859375,2.6220703125,1.154296875,1.0888671875,0.232421875,0.44140625
2019-01-05,3.3544921875,8.1162109375,2.244140625,3.65625,0.1953125,1.6396484375
2019-01-06,1.6953125,2.5205078125,1.185546875,1.490234375,0.2109375,0.7333984375
2019-01-07,3.0615234375,3.3017578125,2.2978515625,1.63671875,3.8359375,2.0693359375
2019-01-08,11.5546875,12.0830078125,15.4072265625,12.298828125,19.6552734375,20.1591796875
2019-01-09,9.578125,12.9658203125,10.96875,10.2373046875,9.8828125,16.6298828125
2019-01-10,2.037109375,3.384765625,0.9755859375,1.1796875,0.0,0.6513671875
2019-01-11,0.08984375,0.1171875,0.1005859375,0.1064453125,0.0,0.0517578125
2019-01-12,0.4775390625,0.7607421875,0.5341796875,0.45703125,0.1884765625,0.625
2019-01-13,7.11328125,8.3232421875,8.9072265625,6.0419921875,10.3720703125,7.0419921875
2019-01-14,0.125,0.7158203125,0.095703125,0.0029296875,0.0,0.0
2019-01-15,0.0,0.0,0.009765625,0.0,0.0,0.099609375
2019-01-16,0.0,0.0,0.1865234375,0.0,0.412109375,0.32421875
2019-01-17,0.6015625,0.8681640625,1.68359375,0.169921875,0.0,3.150390625
2019-01-18,0.4677734375,0.2314453125,5.9794921875,0.0,0.0,6.4716796875
2019-01-19,0.0,0.0,1.1025390625,0.0,0.0,2.2490234375
2019-01-20,0.50390625,0.3271484375,0.3671875,0.0,0.0,0.236328125
2019-01-21,0.77734375,0.4189453125,10.158203125,0.814453125,1.6552734375,18.10546875
2019-01-22,0.0,0.0,1.4541015625,0.0,0.201171875,4.8818359375
2019-01-23,3.94921875,6.2099609375,1.4892578125,4.7177734375,0.0,1.703125
2019-01-24,15.9970703125,19.609375,14.9599609375,16.7685546875,10.38671875,12.5830078125
2019-01-25,5.1474609375,5.978515625,2.7900390625,4.15625,0.1025390625,0.7919921875
2019-01-26,0.0,0.0,0.1689453125,0.0,0.1552734375,0.18359375
2019-01-27,0.0,0.0,15.6611328125,0.453125,15.845703125,29.8291015625
2019-01-28,0.0,0.443359375,1.3740234375,0.0,0.0,1.1669921875
2019-01-29,0.0,0.0,0.5126953125,0.0,2.4365234375,1.2548828125
2019-01-30,0.0,0.29296875,2.34765625,0.806640625,11.16015625,7.7333984375
2019-01-31,0.0,0.0,0.0,0.0,0.0,9.0458984375
2019-03-01,0.0,0.0,0.8447265625,0.0,0.0,0.0
2019-03-02,0.0,0.0,0.0,0.0,0.0,0.0
2019-03-03,0.0,0.0,0.0,0.0,0.0,0.0
2019-03-04,0.0,0.0,0.0,0.0,0.0,0.67578125
2019-03-05,0.0,0.0,0.0,0.0,0.0,0.0
2019-03-06,0.0,0.0,0.0,0.0,0.0,0.0
2019-03-07,0.0,0.0,0.0,0.0,0.0,0.0
2019-03-08,0.0,0.0,0.0,0.0,0.0,0.0
2019-03-09,0.0,0.0,0.0,0.0,0.0,0.0
2019-03-10,16.4736328125,18.330078125,21.232421875,18.4091796875,11.765625,19.419921875
2019-03-11,3.2578125,5.203125,6.3779296875,4.5458984375,2.767578125,6.1279296875
2019-03-12,0.0,0.0,0.0,0.0,0.0,0.0
2019-03-13,4.4404296875,4.396484375,5.9501953125,4.9853515625,1.083984375,5.919921875
2019-03-14,0.0,0.0,0.0,0.0,0.0,0.0
2019-03-15,0.0,0.0,0.0,0.0,0.0,0.0
2019-03-16,0.0,0.0,0.0,0.0,0.0,0.0
2019-03-17,0.0,0.0,0.0,0.0,0.0,0.0
2019-03-18,0.0,0.0,0.0,0.0,0.0,0.0
2019-03-19,0.0,0.0,0.0,0.0,0.0,0.0
2019-03-20,0.0,0.0,0.0,0.0,0.0,0.0
2019-03-21,0.0,0.0,0.0,0.0,0.0,0.0
2019-03-22,0.0,0.0,0.0,0.0,0.0,0.0
2019-03-23,0.0,0.0,0.0,0.0,0.0,0.0
2019-03-24,0.0341796875,0.08203125,0.0,0.0,0.0,0.0
2019-03-25,4.1142578125,4.8779296875,2.3154296875,0.51171875,0.0,0.0
2019-03-26,0.0,0.0,0.0,0.0,0.0,0.0
2019-03-27,0.0,0.0,0.0,0.0,0.0,0.0
2019-03-28,0.0,0.0,0.0,0.0,0.0,0.0
2019-03-29,0.0,0.0,0.0,0.0,0.0,0.0
2019-03-30,0.0,0.0,0.0,0.0,0.0,0.0
2019-03-31,0.0,0.0,0.0,0.0,0.0,0.0
2019-04-01,0.0,0.0,0.0,0.0,0.0,0.0
2019-04-02,0.0,0.0,0.0,0.0,0.0,0.0
2019-04-03,0.0,0.0,0.0,0.0,0.0,0.0
2019-04-04,0.0,0.0,0.0,0.0,0.0,0.0
2019-04-05,0.0,0.0,0.0,0.0,0.0,0.0
2019-04-06,0.0,0.0,0.0,0.0,0.0,0.0
2019-04-07,0.0,0.0,0.0,0.0,0.0,3.7998046875
2019-04-08,0.0,0.0,0.0,0.21484375,0.0,0.0
2019-04-09,0.0,0.0,0.0,0.0,0.0,0.0
2019-04-10,0.0,0.0,0.0,0.0,0.0,0.0
2019-04-11,0.0,0.0,0.0,0.0,0.0,0.0
2019-04-12,0.0,0.0,0.0,0.0419921875,0.0,0.0
2019-04-13,0.0029296875,0.0,0.0,0.0458984375,0.0,0.0
2019-04-14,0.0,0.0,0.0,0.0,0.0,0.0
2019-04-15,0.0,0.0,0.0,0.0,0.0,0.0
2019-04-16,0.0,0.0,0.0,0.0,0.0,0.0
2019-04-17,0.0146484375,0.0224609375,0.0,0.0693359375,0.0,0.0
2019-04-18,0.0,0.0,0.0,0.0,0.0,0.0
2019-04-19,0.0,0.0,0.0,0.0,0.0,0.0
2019-04-20,0.0,0.0,0.0,0.0,0.0,0.0
2019-04-21,0.0,0.0,0.0,0.0,0.0,0.0
2019-04-22,0.0,0.0,0.0,0.0,0.0,0.0
2019-04-23,0.0,0.0,0.0,0.0,0.0,0.0
2019-04-24,0.0,0.0,0.0,0.0,0.0,0.0
2019-04-25,0.0,0.0,0.0,0.0,0.0,0.0
2019-04-26,0.0,0.0,0.0,0.0,0.0,0.0
2019-04-27,0.0,0.0,0.0,0.0,0.0,0.0
2019-04-28,0.5341796875,0.7900390625,5.1142578125,0.0,0.0,0.0
2019-04-29,0.1884765625,0.0400390625,0.0,0.21484375,0.0,0.0
2019-04-30,0.0,0.0,0.0,0.0,0.0,0.0
2019-05-01,0.0,0.0,0.0,0.0,0.0,0.0
2019-05-02,0.0,0.0,0.0,0.0,0.0,0.0
2019-05-03,0.0,0.0,0.0,0.0,0.0,0.0
2019-05-04,0.0,0.0,0.177734375,0.0,0.0,0.0
2019-05-05,0.05859375,0.271484375,2.193359375,0.16015625,0.0380859375,0.0
2019-05-06,0.5283203125,1.4365234375,0.0,0.4345703125,0.0,0.0
2019-05-07,0.0,0.0,0.0,0.0,0.0,0.0
2019-05-08,0.0,0.0,0.0,0.0,0.0,0.0
2019-05-09,0.0,0.0,0.0,0.0,0.0,0.0
2019-05-10,0.0,0.0,0.0,0.0,0.0,0.0
2019-05-11,0.0,0.0,0.0,0.00390625,0.0,0.0
2019-05-12,0.0,0.0,0.001953125,0.0,0.0,0.0
2019-05-13,0.0,0.0,0.0,0.0,0.0,0.0
2019-05-14,0.0,0.0,0.0,0.0,0.0,0.0
2019-05-15,0.0,0.0,0.0,0.0,0.0,0.0
2019-05-16,0.0,0.0,0.0,0.0,0.0,0.0
2019-05-17,0.0,0.0,0.0,0.0,0.0,0.0
2019-05-18,0.0,0.0,0.0,0.0,0.0,0.0
2019-05-19,0.0,0.0,0.0,0.0,0.0,0.0
2019-05-20,0.0,0.0,0.0,0.0,0.0,0.0
2019-05-21,0.0,0.0,0.0,0.0,0.0,0.0
2019-05-22,0.0,0.0,0.0,0.0,0.0,0.0
2019-05-23,0.0,0.0,0.0,0.0,0.0,0.0
2019-05-24,0.0,0.0,0.0,0.0,0.0,0.0
2019-05-25,0.0,0.0,0.0,0.0,0.0,0.0
2019-05-26,0.0,0.0,0.0,0.0,0.0,0.0
2019-05-27,0.0,0.0,0.0,0.0,0.0,0.0
2019-05-28,0.0,0.0,0.0,0.0,0.0,0.0
2019-05-29,0.0,0.0,0.0,0.0,0.0,0.0
2019-05-30,0.0,0.0,0.0,0.0,0.0,0.0
2019-05-31,0.0,0.0,0.0,0.0,0.0,0.0
2019-06-01,0.0,0.0,0.0,0.0,0.0,0.0
2019-06-02,0.0,0.0,0.0,0.0,0.0,0.0
2019-06-03,0.0,0.0,0.0,0.0,0.0,0.0
2019-06-04,0.0,0.0,0.0,0.0,0.0,0.0
2019-06-05,0.0,0.0,0.0,0.0,0.0,0.0
2019-06-06,0.0,0.0,0.0,0.0,0.0,0.0
2019-06-07,0.0,0.0,0.0,0.0,0.0,0.0
2019-06-08,0.0,0.0,0.0,0.0,0.0,0.0
2019-06-09,0.0,0.0,0.0,0.0,0.0,0.0
2019-06-10,0.0,0.0,0.0,0.0,0.0,0.0
2019-06-11,0.0,0.0,0.0,0.0,0.0,0.0
2019-06-12,0.0,0.0,0.0,0.0,0.0,0.0
2019-06-13,0.0,0.0,0.0,0.0,0.0,0.0
2019-06-14,0.0,0.0,0.0,0.0,0.0,0.0
2019-06-15,0.0,0.0,0.0,0.0,0.0,0.0
2019-06-16,0.0,0.0,0.0,0.0,0.0,0.0
2019-06-17,0.0,0.0,0.0,0.0,0.0,0.0
2019-06-18,0.0,0.0,0.0,0.0,0.0,0.0
2019-06-19,0.0,0.0,0.0,0.0,0.0,0.0
2019-06-20,0.0,0.0,0.0,0.0,0.0,0.0
2019-06-21,0.0,0.0,0.0,0.0,0.0,0.0
2019-06-22,0.0,0.0,0.0,0.0,0.0,0.0
2019-06-23,0.0,0.0,0.0,0.0,0.0,0.0
2019-06-24,0.0,0.0,0.0,0.0,0.0,0.0
2019-06-25,0.0,0.0,0.0,0.0,0.0,0.0
2019-06-26,0.0,0.0,0.0,0.0,0.0,0.0
2019-06-27,0.0,0.0,0.0,0.0,0.0,0.0
2019-06-28,0.0,0.0,0.0,0.0,0.0,0.0
2019-06-29,0.0,0.0,0.0,0.0,0.0,0.0
2019-06-30,0.0,0.0,0.0,0.0,0.0,0.0
2019-07-01,0.0,0.0,0.0,0.0,0.0,0.0
2019-07-02,0.0,0.0,0.0,0.0,0.0,0.0
2019-07-03,0.0,0.0,0.0,0.0,0.0,0.0
2019-07-04,0.0,0.0,0.0,0.0,0.0,0.0
2019-07-05,0.0,0.0,0.0,0.0,0.0,0.0
2019-07-06,0.0,0.0,0.0,0.0,0.0,0.0
2019-07-07,0.0,0.0,0.0,0.0,0.0,0.0
2019-07-08,0.0,0.0,0.0,0.0,0.0,0.0
2019-07-09,0.0,0.0,0.0,0.0,0.0,0.0
2019-07-10,0.0,0.0,0.0,0.0,0.0,0.0
2019-07-11,0.0,0.0,0.0,0.0,0.0,0.0
2019-07-12,0.0,0.0,0.0,0.0,0.0,0.0
2019-07-13,0.0,0.0,0.0,0.0,0.0,0.0
2019-07-14,0.0,0.0,0.0,0.0,0.0,0.0
2019-07-15,0.0,0.0,0.0,0.0,0.0,0.0
2019-07-16,0.0,0.0,0.0,0.0,0.0,0.0
2019-07-17,0.0,0.0,0.0,0.0,0.0,0.0
2019-07-18,0.0,0.0,0.0,0.0,0.0,0.0
2019-07-19,0.0,0.0,0.0,0.0,0.0,0.0
2019-07-20,0.0,0.0,0.0,0.0,0.0,0.0
2019-07-21,0.0,0.0,0.0,0.0,0.0,0.0
2019-07-22,0.0,0.0,0.0,0.0,0.0,0.0
2019-07-23,0.0,0.0,0.0,0.0,0.0,0.0
2019-07-24,0.0,0.0,0.0,0.0,0.0,0.0
2019-07-25,0.0,0.0,0.0,0.0,0.0,0.0
2019-07-26,0.0,0.0,0.0,0.0,0.0,0.0
2019-07-27,0.0,0.0,0.0,0.0,0.0,0.0
2019-07-28,0.0,0.0,0.0,0.0,0.0,0.0
2019-07-29,0.0,0.0,0.0,0.0,0.0,0.0
2019-07-30,0.0,0.0,0.0,0.0,0.0,0.0
2019-07-31,0.0,0.0,0.0,0.0,0.0,0.0
2019-08-01,0.0,0.0,0.0,0.0,0.0,0.0
2019-08-02,0.0,0.0,0.0,0.0,0.0,0.0
2019-08-03,0.0,0.0,0.0,0.0,0.0,0.0
2019-08-04,0.0,0.0,0.0,0.0,0.0,0.0
2019-08-05,0.0,0.0,0.0,0.0,0.0,0.0
2019-08-06,0.0,0.0,0.0,0.0,0.0,0.0
2019-08-07,0.0,0.0,0.0,0.0,0.0,0.0
2019-08-08,0.0,0.0,0.0,0.0,0.0,0.0
2019-08-09,0.0,0.0,0.0,0.0,0.0,0.0
2019-08-10,0.0,0.0,0.0,0.0,0.0,0.0
2019-08-11,0.0,0.0,0.0,0.0,0.0,0.0
2019-08-12,0.0,0.0,0.0,0.0,0.0,0.0
2019-08-13,0.0,0.0,0.0,0.0,0.0,0.0
2019-08-14,0.0,0.0,0.0,0.0,0.0,0.0
2019-08-15,0.0,0.0,0.0,0.0,0.0,0.0
2019-08-16,0.0,0.0,0.0,0.0,0.0,0.0
2019-08-17,0.0,0.0,0.0,0.0,0.0,0.0
2019-08-18,0.0,0.0,0.0,0.0,0.0,0.0
2019-08-19,0.0,0.0,0.0,0.0,0.0,0.0
2019-08-20,0.0,0.0,0.0,0.0,0.0,0.0
2019-08-21,0.0,0.0,0.0,0.0,0.0,0.0
2019-08-22,0.0,0.0,0.0,0.0,0.0,0.0
2019-08-23,0.0,0.0,0.0,0.0,0.0,0.0
2019-08-24,0.0,0.0,0.0,0.0,0.0,0.0
2019-08-25,0.0,0.0,0.0,0.0,0.0,0.0
2019-08-26,0.0,0.0,0.0,0.0,0.0,0.0
2019-08-27,0.0,0.0,0.0,0.0,0.0,0.0
2019-08-28,0.0,0.0,0.0,0.0,0.0,0.0
2019-08-29,0.0,0.0,0.0,0.0,0.0,0.0
2019-08-30,0.0,0.0,0.0,0.0,0.0,0.0
2019-08-31,0.0,0.0,0.0,0.0,0.0,0.0
2019-09-01,0.0,0.0,0.0,0.0,0.0,0.0
2019-09-02,0.0,0.0,0.0,0.0,0.0,0.0
2019-09-03,0.0,0.0,0.0,0.0,0.0,0.0
2019-09-04,0.0,0.0,0.0,0.0,0.0,0.0
2019-09-05,0.0,0.0,0.0,0.0,0.0,0.0
2019-09-06,0.0,0.0,0.0,0.0,0.0,0.0
2019-09-07,0.0,0.0,0.0,0.0,0.0,0.0
2019-09-08,0.0,0.0,0.0,0.0,0.0,0.0
2019-09-09,0.0,0.0,0.0,0.0,0.0,0.0
2019-09-10,0.0,0.0,0.0,0.0,0.0,0.0
2019-09-11,0.0,0.0,0.0,0.0,0.0,0.0
2019-09-12,0.0,0.0,0.0,0.0,0.0,0.0
2019-09-13,0.0,0.0,0.0,0.0,0.0,0.0
2019-09-14,0.0,0.0,0.0,0.0,0.0,0.0
2019-09-15,0.0,0.0,0.0,0.0,0.0,0.0
2019-09-16,0.0,0.0,0.0,0.0,0.0,0.0
2019-09-17,0.0,0.0,0.0,0.0,0.0,0.0
2019-09-18,0.0,0.0,0.0,0.0,0.0,0.0
2019-09-19,0.0,0.0,0.0,0.0,0.0,0.0
2019-09-20,0.0,0.0,0.0,0.0,0.0,0.0
2019-09-21,0.0,0.0,0.0,0.0,0.0,0.0
2019-09-22,0.0,0.0,0.0,0.0,0.0,0.0
2019-09-23,0.0,0.0,0.0,0.0,0.0,0.0
2019-09-24,0.0,0.0,0.0,0.0,0.0,0.0
2019-09-25,0.0,0.0,0.0,0.0,0.0,0.0
2019-09-26,0.0,0.0,0.0,0.0,0.0,0.0
2019-09-27,0.0,0.0,0.0,0.0,0.0,0.0
2019-09-28,0.0,0.0,0.0,0.0,0.0,0.0
2019-09-29,0.0,0.0,0.0,0.0,0.0,0.0
2019-09-30,0.0,0.0,0.0,0.0,0.0,0.0
2019-10-01,0.0,0.0,0.0,0.0,0.0,0.0
2019-10-02,0.0,0.0,0.0693359375,0.0,0.0,0.0
2019-10-03,0.3095703125,0.23046875,0.0,0.0,0.0,0.0
2019-10-04,0.0,0.0,0.0,0.0,0.0,0.0
2019-10-05,0.0,0.0,0.0,0.0,0.0,0.0
2019-10-06,0.0,0.0,0.0009765625,0.0,0.0,0.0
2019-10-07,0.0,0.0,0.0,0.0,0.0,0.0
2019-10-08,0.0,0.0,0.0,0.0,0.0,0.0
2019-10-09,0.0,0.0,0.0,0.0,0.0,0.0
2019-10-10,0.0,0.0,0.0,0.0,0.0,0.0
2019-10-11,0.0,0.0,0.0,0.0,0.0,0.0
2019-10-12,0.0,0.0,0.0,0.0,0.0,0.0
2019-10-13,0.0,0.0,0.0,0.0,0.0,0.0
2019-10-14,0.0,0.0,0.0,0.0,0.0,0.0
2019-10-15,0.0,0.0,0.0,0.0,0.0,0.0
2019-10-16,0.0,0.0,0.0,0.0,0.0,0.0
2019-10-17,0.0,0.0,0.0,0.0,0.0,0.0
2019-10-18,0.0,0.0,0.0,0.0,0.0,0.0
2019-10-19,0.0,0.0,0.0,0.0,0.0,0.0
2019-10-20,0.0,0.0,0.0,0.0,0.0,0.0
2019-10-21,0.0,0.0,0.0,0.0,0.0,0.0
2019-10-22,0.0,0.0,0.0,0.0,0.0,0.0
2019-10-23,0.0,0.0,0.0,0.0,0.0,0.0
2019-10-24,0.0,0.0,0.0,0.0,0.0,0.0
2019-10-25,0.0,0.0,0.0,0.0,0.0,0.0
2019-10-26,0.0,0.0,0.0,0.0,0.0,0.0
2019-10-27,0.0,0.0,0.0,0.0,0.0,0.0
2019-10-28,0.0,0.0,0.0,0.0,0.0,0.0
2019-10-29,0.0,0.0,0.0,0.0,0.0,0.0
2019-10-30,0.0,0.0,0.0,0.0,0.0,0.0
2019-10-31,0.0,0.0,0.0,0.0,0.0,0.0
2019-11-01,0.0,0.0,0.0,0.0,0.0,0.0
2019-11-02,0.0,0.0,0.0,0.0,0.0,0.0
2019-11-03,0.0,0.0,0.0,0.0,0.0,0.0
2019-11-04,0.0,0.0,0.0,0.0,0.0,0.0
2019-11-05,0.0,0.0,0.0,0.0,0.0,0.0
2019-11-06,0.0,0.0,0.0,0.0,0.0,0.0
2019-11-07,0.0,0.0,0.0,0.0,0.0,0.0
2019-11-08,0.0,0.0,0.0,0.0,0.0,0.0
2019-11-09,0.0,0.0,0.0,0.0,0.0,0.0
2019-11-10,0.0,0.0,0.0,0.0,0.0,0.0
2019-11-11,0.0,0.0,0.0,0.0,0.0,0.0
2019-11-12,0.0,0.0,0.0,0.0,0.0,0.0
2019-11-13,0.0,0.0,0.0,0.0,0.0,0.0
2019-11-14,0.0,0.0,0.0,0.0,0.0,0.0
2019-11-15,0.0,0.0,0.0,0.0,0.0,0.0
2019-11-16,0.0,0.0,0.0,0.0,0.0,0.0
2019-11-17,0.0,0.0,0.0,0.0,0.0,0.0
2019-11-18,0.0,0.0,0.0,0.0,0.0,0.0
2019-11-19,0.0,0.0,0.0,0.0,0.0,0.0
2019-11-20,0.0,0.0,0.0,0.0,0.0,0.0
2019-11-21,0.0,0.0,0.0,0.0,0.0,0.0
2019-11-22,0.0,0.0,0.0,0.0,0.0,0.0
2019-11-23,0.0,0.0,0.0,0.0,0.0,0.0
2019-11-24,0.0,0.0,0.0,0.0,0.0,0.0
2019-11-25,0.0,0.0,0.0,0.0,0.0,0.0
2019-11-26,0.0,0.0,0.0,0.0,0.0,0.0
2019-11-27,0.0,0.0,0.0107421875,0.0322265625,0.0,0.0
2019-11-28,0.0,0.0,0.138671875,0.0,0.0,0.0
2019-11-29,0.76171875,3.6298828125,0.8134765625,0.236328125,0.0,1.888671875
2019-11-30,0.0,0.0,0.0,0.0,0.0,0.0
2019-12-01,2.7197265625,1.4296875,2.5009765625,1.8935546875,0.0,0.0
2019-12-02,4.494140625,6.2490234375,5.779296875,3.2421875,0.11328125,14.5146484375
2019-12-03,0.0302734375,0.0,0.0009765625,0.0,0.0,0.1064453125
2019-12-04,0.0,0.0,0.0,0.0,0.0,0.0
2019-12-05,0.0,0.0,0.0,0.0,0.0,0.0
2019-12-06,0.0,0.0,0.0,0.0,0.0,0.0
2019-12-07,0.0,0.0,0.0,0.0,0.0,0.0
2019-12-08,0.0,0.0,0.0,0.0,0.0,0.0
2019-12-09,9.6201171875,12.8125,11.5263671875,8.8701171875,1.4970703125,12.888671875
2019-12-10,1.1943359375,2.0673828125,3.064453125,2.44921875,0.5517578125,1.8193359375
2019-12-11,0.0,0.0,0.068359375,0.0,0.0,5.2216796875
2019-12-12,0.0,0.0,2.755859375,0.12890625,1.7314453125,10.01171875
2019-12-13,0.02734375,0.0,2.6953125,0.5302734375,0.0,5.86328125
2019-12-14,0.0,0.0,0.0,0.0,0.0,0.01953125
2019-12-15,0.0,0.0,0.0,0.0,0.0,0.0
2019-12-16,0.0,0.0,0.0,0.0,0.0,0.0
2019-12-17,0.0,0.0,0.0,0.0,0.0,0.0
2019-12-18,0.0,0.0,0.0,0.0,0.0,0.0
2019-12-19,0.0,0.0,0.0,0.0,0.0,0.0
2019-12-20,0.0,0.0,0.0,0.0,0.0,0.0
2019-12-21,0.0,0.0,0.0,0.0,0.0,0.0
2019-12-22,4.484375,9.7900390625,4.6396484375,4.5400390625,0.0,1.9287109375
2019-12-23,3.009765625,6.1240234375,1.92578125,3.0908203125,0.0,1.2861328125
2019-12-24,0.9228515625,2.8720703125,2.224609375,2.3125,0.3173828125,1.7978515625
2019-12-25,2.5341796875,5.61328125,1.3642578125,2.6357421875,0.0,0.763671875
2019-12-26,0.515625,1.240234375,0.322265625,0.5224609375,0.0,0.0615234375
2019-12-27,7.7060546875,12.6796875,5.330078125,5.8271484375,0.390625,1.748046875
2019-12-28,4.1416015625,7.9599609375,3.4345703125,3.3203125,0.3564453125,1.0517578125
2019-12-29,0.4970703125,1.0791015625,0.9140625,0.7734375,0.1337890625,0.3681640625
2019-12-30,0.0,0.0,0.0,0.0,0.0,0.0224609375
2019-12-31,0.0,0.0849609375,0.05078125,0.005859375,0.0,0.05078125
2020-01-01,0.0,0.0,0.0,0.0,0.0,0.0
2020-01-02,0.0,0.0,0.0,0.0,0.0,0.0
2020-01-03,0.2158203125,0.330078125,0.283203125,0.2451171875,0.0,0.1318359375
2020-01-04,9.947265625,9.9697265625,7.396484375,6.8251953125,0.8662109375,1.865234375
2020-01-05,0.2041015625,0.373046875,0.3369140625,0.263671875,0.1689453125,0.1904296875
2020-01-06,0.0,0.0,0.0,0.0,0.0,0.0009765625
2020-01-07,0.0,0.0,0.0,0.0,0.0,0.0
2020-01-08,0.0,0.0,0.0,0.0,0.0,0.0380859375
2020-01-09,0.0,0.0,0.0,0.0,0.0,0.03515625
2020-01-10,0.0,0.0966796875,0.0,0.0,0.0,0.0283203125
2020-01-11,0.0166015625,0.0,0.083984375,0.099609375,0.0263671875,1.255859375
2020-01-12,0.0,0.0,0.0,0.0,0.0,0.0888671875
2020-01-13,0.0,0.0,0.0,0.0,0.0,0.0576171875
2020-01-14,0.0,0.0,0.0,0.0,0.0,0.03515625
2020-01-15,0.0,0.0,0.0,0.0,0.0,0.0029296875
2020-01-16,0.0,0.0,0.0,0.0,0.0,0.0068359375
2020-01-17,0.0,0.0,0.033203125,0.0,0.0,0.033203125
2020-01-18,0.30859375,0.298828125,0.18359375,0.1435546875,0.0,0.1455078125
2020-01-19,0.1103515625,0.0625,0.09765625,0.0654296875,0.0,0.0
2020-01-20,0.0,0.0,0.0,0.0,0.0,0.00390625
2020-01-21,0.0,0.0,0.0,0.0,0.0,0.0
2020-01-22,0.0,0.0,0.0,0.0068359375,0.0,0.0
2020-01-23,0.0,0.0,0.0,0.0,0.0,0.0654296875
2020-01-24,0.0,0.0,0.0,0.0,0.0,0.9169921875
2020-01-25,0.0,0.0,3.0791015625,0.3349609375,0.0,6.7529296875
2020-01-26,0.0,0.0,0.0,0.0,0.0,0.0
2020-01-27,0.0,0.0,0.0,0.0,0.0,3.240234375
2020-01-28,0.8154296875,0.0,0.0,0.6689453125,0.0,4.5126953125
2020-01-29,0.0,0.0,0.2158203125,0.1171875,0.0,0.0
2020-01-30,0.0,0.0,0.0,0.0,0.0068359375,0.0
2020-01-31,0.0,0.0,0.0,0.0,0.0,0.142578125
2020-02-01,0.0,0.0,0.0,0.0,0.0,0.125
2020-02-02,0.0,0.0,0.0,0.0,0.0,0.0
2020-02-03,7.515625,3.7685546875,4.55859375,7.1630859375,0.537109375,2.5068359375
2020-02-04,17.447265625,26.9814453125,10.4013671875,16.5751953125,2.5234375,6.1845703125
2020-02-05,0.0,0.060546875,0.0,0.1279296875,0.0,0.0185546875
2020-02-06,0.5634765625,1.046875,0.4921875,0.568359375,0.0,0.14453125
2020-02-07,0.0,0.255859375,0.0,0.0,0.0,0.0380859375
2020-02-08,0.0,0.0,0.0,0.0,0.0,0.0078125
2020-02-09,0.0,0.0,0.0,0.0,0.0,1.876953125
2020-02-10,0.0,0.0,0.0,0.0,0.0,0.0
2020-02-11,0.1845703125,0.205078125,0.255859375,0.1005859375,0.0,0.8974609375
2020-02-12,0.0,0.0,0.0,0.0,0.0,0.0
2020-02-13,0.0,0.0,0.8603515625,0.111328125,0.0,10.6396484375
2020-02-14,0.0,0.0,0.2919921875,0.345703125,0.0,0.0
2020-02-15,0.0,0.0,0.0,0.0,0.0,0.0
2020-02-16,0.0,0.0,0.0,0.0,0.0,0.0
2020-02-17,0.0,0.0,0.0,0.0,0.0,0.0
2020-02-18,6.158203125,7.884765625,1.455078125,0.228515625,0.0,0.650390625
2020-02-19,6.041015625,10.0908203125,11.5791015625,13.005859375,0.951171875,6.0810546875
2020-02-20,0.0,0.697265625,0.0,0.0,0.0,0.0
2020-02-21,0.01171875,0.0146484375,0.0625,0.08203125,0.0,0.0
2020-02-22,0.0,0.0,0.0,0.0,0.0,0.0
2020-02-23,0.0,0.0,0.0,0.0,0.0,0.0
2020-02-24,0.0,0.0,0.0,0.0,0.0,0.0
2020-02-25,0.8330078125,4.0234375,7.4208984375,0.0546875,2.3583984375,10.0029296875
2020-02-26,11.12890625,11.7958984375,9.2705078125,6.3828125,12.822265625,11.1259765625
2020-02-27,5.052734375,6.7880859375,9.4697265625,4.7685546875,22.9638671875,15.283203125
2020-02-28,0.0,0.0,0.0,0.0,0.0,0.0
2020-02-29,0.0,0.0,0.0,0.0,0.0,5.5830078125
2020-03-01,0.0,0.0,0.0,0.0,0.0,0.0
2020-03-02,0.0,0.0,7.4892578125,5.73828125,1.6982421875,1.138671875
2020-03-03,1.6669921875,2.005859375,5.53515625,3.6953125,0.0,2.564453125
2020-03-04,0.0,0.0,0.0,0.0,0.0,0.0
2020-03-05,0.064453125,0.0,1.65234375,0.0,0.2734375,11.9248046875
2020-03-06,5.2880859375,7.4873046875,7.60546875,5.1875,0.0,5.29296875
2020-03-07,6.8466796875,8.5615234375,12.796875,6.953125,6.55078125,9.6259765625
2020-03-08,0.0,0.0,0.0,0.0,0.0,0.0
2020-03-09,4.5908203125,11.185546875,3.5478515625,5.2568359375,0.0,0.0
2020-03-10,0.0,0.0,0.0,0.0,0.0,0.0
2020-03-11,0.0,0.0,0.0,0.0,0.0,0.0
2020-03-12,0.0,0.0,0.0,0.0,0.0,0.0
2020-03-13,0.0986328125,3.0029296875,0.0,0.703125,0.0,0.0
2020-03-14,0.84765625,2.4267578125,5.7783203125,5.1826171875,0.0,4.2890625
2020-03-15,0.0,0.0,0.0,0.0,0.0,0.0
2020-03-16,0.0,0.0,0.0,0.0,0.0,0.0
2020-03-17,0.0,0.0,0.0,0.0,0.0,0.0
2020-03-18,0.0,0.0,0.0,0.0,0.0,0.0
2020-03-19,0.0,0.0,0.0,0.0,0.0,0.0
2020-03-20,0.0,0.0,0.0,0.0,0.0,0.0
2020-03-21,1.5263671875,2.7685546875,1.9208984375,1.84765625,0.0,2.7470703125
2020-03-22,0.58203125,0.9013671875,1.6640625,1.990234375,2.45703125,6.703125
2020-03-23,8.490234375,11.4716796875,8.1484375,5.9560546875,4.6455078125,5.552734375
2020-03-24,0.1826171875,1.1572265625,0.5234375,0.986328125,0.0,2.361328125
2020-03-25,0.0,0.173828125,1.5498046875,2.6533203125,0.2041015625,5.7392578125
2020-03-26,0.0,0.0,0.5888671875,0.0,0.0,9.4951171875
2020-03-27,0.0,0.0,0.0,0.0,0.0,0.5234375
2020-03-28,0.0,0.0,0.0,0.0,0.0,0.0
2020-03-29,0.1240234375,0.0,0.0,0.0,0.0,0.0
2020-03-30,6.5859375,6.7587890625,14.8837890625,7.3115234375,7.21484375,13.8505859375
2020-03-31,4.888671875,7.5302734375,10.8681640625,10.419921875,8.7099609375,14.7705078125
2020-04-01,0.0,0.0,0.0,0.0,0.0,0.0
2020-04-02,0.0,0.0,0.0,0.0,0.0,0.0
2020-04-03,0.0,0.0,0.0,0.0,0.0,1.4658203125
2020-04-04,0.0,0.0,0.0,0.0,0.0,1.7333984375
2020-04-05,0.0,0.0,0.0,0.0,0.0,0.0
2020-04-06,0.0,0.0,0.0,0.0,0.0,0.0
2020-04-07,0.0,0.0,0.0,0.0,0.0,0.0
2020-04-08,0.0,0.0,0.0,0.0,0.0,0.0
2020-04-09,0.0,0.0,0.0,0.0,0.0,0.0
2020-04-10,0.0,0.0,0.0,0.0,0.0,0.0
2020-04-11,0.0,0.0,0.0,0.0,0.0,0.0
2020-04-12,0.0,0.0,0.0,0.0,0.0,0.0
2020-04-13,10.32421875,12.12109375,12.580078125,12.0888671875,4.666015625,17.8935546875
2020-04-14,0.0,0.0,0.0,0.0,0.0,1.037109375
2020-04-15,0.0,0.0,0.0,0.0,0.0,0.0
2020-04-16,0.0,0.0,0.0,0.0,0.0,0.0
2020-04-17,0.0,0.0,0.0,0.0,0.0,0.0
2020-04-18,0.0,0.0,0.0,0.0,0.0,0.0
2020-04-19,0.0,0.0,0.0,0.0,0.0,0.0
2020-04-20,0.0,0.0,0.0,0.005859375,0.0,0.0
2020-04-21,0.0,0.0,0.0,0.017578125,0.0,0.0
2020-04-22,0.0,0.0,0.0,0.0,0.0,0.0
2020-04-23,0.0,0.0,0.0,0.0,0.0,0.0
2020-04-24,0.0,0.0,0.0,0.0,0.0,0.0
2020-04-25,0.0,0.0,0.0,0.0,0.0,0.0
2020-04-26,0.0,0.0,0.0,0.0,0.0,0.0
2020-04-27,0.0,0.0,0.0,0.0,0.0,0.0
2020-04-28,0.0,0.0,0.0,0.0,0.0,0.0
2020-04-29,0.0,0.0,0.0,0.0,0.0,0.0
2020-04-30,0.0,0.0,0.0,0.0,0.0,0.0
2020-05-01,0.0,0.0,0.0,0.0,0.0,0.0
2020-05-02,0.0,0.0,0.0,0.0,0.0,0.0
2020-05-03,0.0,0.0,0.0,0.0,0.0,0.0
2020-05-04,0.0,0.0,0.0,0.0,0.0,0.0
2020-05-05,0.0,0.0009765625,0.0,0.0,0.0,0.0
2020-05-06,0.0,0.0,0.0,0.0,0.0,0.0
2020-05-07,0.0,0.0,0.0,0.0,0.0,0.0
2020-05-08,0.0,0.0,0.0,0.0,0.0,0.0
2020-05-09,0.0,0.0,0.0,0.0,0.0,0.0
2020-05-10,0.0,0.0,0.0,0.0,0.0,0.0
2020-05-11,0.0,0.0,0.0,0.0,0.0,0.0
2020-05-12,0.0,0.0,0.0,0.0,0.0,0.0
2020-05-13,0.0,0.0,0.0,0.0,0.0,0.0
2020-05-14,0.0,0.0,0.0,0.0,0.0,0.0
2020-05-15,0.0,0.0,0.0,0.0,0.0,0.0
2020-05-16,0.0,0.0,0.0,0.0,0.0,0.0
2020-05-17,0.0,0.0,0.0,0.0,0.0,0.0
2020-05-18,0.0,0.0,0.0,0.0,0.0,0.0
2020-05-19,0.0,0.0,0.0,0.0,0.0,0.0
2020-05-20,0.0,0.0,0.0,0.0,0.0,0.0
2020-05-21,0.0,0.0,0.0,0.0,0.0,0.0
2020-05-22,0.0,0.0,0.0,0.0,0.0,0.0
2020-05-23,0.0,0.0,0.0,0.0,0.0,0.0
2020-05-24,0.0,0.0,0.0,0.0,0.0,0.0
2020-05-25,0.0,0.0009765625,0.0791015625,0.0,0.0,0.0
2020-05-26,0.0,0.0,0.0,0.0,0.0,0.0
2020-05-27,0.0,0.0,0.0,0.0,0.0,0.0
2020-05-28,0.0,0.0,0.0,0.0,0.0,0.0
2020-05-29,0.0,0.0,0.0,0.0,0.0,0.0
2020-05-30,0.0,0.0,0.0,0.0,0.0,0.0
2020-05-31,0.0,0.0,0.0,0.0,0.0,0.0
2020-06-01,0.0,0.0,0.0,0.0,0.0,0.0
2020-06-02,0.0,0.0,0.0,0.0,0.0,0.0
2020-06-03,0.0,0.0,0.0,0.0,0.0,0.0
2020-06-04,0.0,0.0,0.0,0.0,0.0,0.0
2020-06-05,0.0,0.0,0.0,0.0,0.0,0.0
2020-06-06,0.0,0.0,0.0,0.0,0.0,0.0
2020-06-07,0.0,0.0,0.0,0.0,0.0,0.0
2020-06-08,0.0,0.0,0.0,0.0,0.0,0.0
2020-06-09,0.0,0.0,0.0,0.0,0.0,0.0
2020-06-10,0.0,0.0,0.0,0.0,0.0,0.0
2020-06-11,0.0,0.0,0.0,0.0,0.0,0.0
2020-06-12,0.0,0.0,0.0,0.0,0.0,0.0
2020-06-13,0.0,0.0,0.0,0.0,0.0,0.0
2020-06-14,0.0,0.0,0.0,0.0,0.0,0.0
2020-06-15,0.0,0.0,0.0,0.0,0.0,0.0
2020-06-16,0.0,0.0,0.0,0.0,0.0,0.0
2020-06-17,0.0,0.0,0.0,0.0,0.0,0.0
2020-06-18,0.0,0.0,0.0,0.0,0.0,0.0
2020-06-19,0.0,0.0,0.0,0.0,0.0,0.0
2020-06-20,0.0,0.0,0.0,0.0,0.0,0.0
2020-06-21,0.0,0.0,0.0,0.0,0.0,0.0
2020-06-22,0.0,0.0,0.0,0.0,0.0,0.0
2020-06-23,0.0,0.0,0.0,0.0,0.0,0.0
2020-06-24,0.0,0.0,0.0,0.0,0.0,0.0
2020-06-25,0.0,0.0,0.0,0.0,0.0,0.0
2020-06-26,0.0,0.0,0.0,0.0,0.0,0.0
2020-06-27,0.0,0.0,0.0,0.0,0.0,0.0
2020-06-28,0.0,0.0,0.0,0.0,0.0,0.0
2020-06-29,0.0,0.0,0.0,0.0,0.0,0.0
2020-06-30,0.0,0.0,0.0,0.0,0.0,0.0
2020-07-01,0.0,0.0,0.0,0.0,0.0,0.0
2020-07-02,0.0,0.0,0.0,0.0,0.0,0.0
2020-07-03,0.0,0.0,0.0,0.0,0.0,0.0
2020-07-04,0.0,0.0,0.0,0.0,0.0,0.0
2020-07-05,0.0,0.0,0.0,0.0,0.0,0.0
2020-07-06,0.0,0.0,0.0,0.0,0.0,0.0
2020-07-07,0.0,0.0,0.0,0.0,0.0,0.0
2020-07-08,0.0,0.0,0.0,0.0,0.0,0.0
2020-07-09,0.0,0.0,0.0,0.0,0.0,0.0
2020-07-10,0.0,0.0,0.0,0.0,0.0,0.0
2020-07-11,0.0,0.0,0.0,0.0,0.0,0.0
2020-07-12,0.0,0.0,0.0,0.0,0.0,0.0
2020-07-13,0.0,0.0,0.0,0.0,0.0,0.0
2020-07-14,0.0,0.0,0.0,0.0,0.0,0.0
2020-07-15,0.0,0.0,0.0,0.0,0.0,0.0
2020-07-16,0.0,0.0,0.0,0.0,0.0,0.0
2020-07-17,0.0,0.0,0.0,0.0,0.0,0.0
2020-07-18,0.0,0.0,0.0,0.0,0.0,0.0
2020-07-19,0.0,0.0,0.0,0.0,0.0,0.0
2020-07-20,0.0,0.0,0.0,0.0,0.0,0.0
2020-07-21,0.0,0.0,0.0,0.0,0.0,0.0
2020-07-22,0.0,0.0,0.0,0.0,0.0,0.0
2020-07-23,0.0,0.0,0.0,0.0,0.0,0.0
2020-07-24,0.0,0.0,0.0,0.0,0.0,0.0
2020-07-25,0.0,0.0,0.0,0.0,0.0,0.0
2020-07-26,0.0,0.0,0.0,0.0,0.0,0.0
2020-07-27,0.0,0.0,0.0,0.0,0.0,0.0
2020-07-28,0.0,0.0,0.0,0.0,0.0,0.0
2020-07-29,0.0,0.0,0.0,0.0,0.0,0.0
2020-07-30,0.0,0.0,0.0,0.0,0.0,0.0
2020-07-31,0.0,0.0,0.0,0.0,0.0,0.0
2020-08-01,0.0,0.0,0.0,0.0,0.0,0.0
2020-08-02,0.0,0.0,0.0,0.0,0.0,0.0
2020-08-03,0.0,0.0,0.0,0.0,0.0,0.0
2020-08-04,0.0,0.0,0.0,0.0,0.0,0.0
2020-08-05,0.0,0.0,0.0,0.0,0.0,0.0
2020-08-06,0.0,0.0,0.0,0.0,0.0,0.0
2020-08-07,0.0,0.0,0.0,0.0,0.0,0.0
2020-08-08,0.0,0.0,0.0,0.0,0.0,0.0
2020-08-09,0.0,0.0,0.0,0.0,0.0,0.0
2020-08-10,0.0,0.0,0.0,0.0,0.0,0.0
2020-08-11,0.0,0.0,0.0,0.0,0.0,0.0
2020-08-12,0.0,0.0,0.0,0.0,0.0,0.0
2020-08-13,0.0,0.0,0.0,0.0,0.0,0.0
2020-08-14,0.0,0.0,0.0,0.0,0.0,0.0
2020-08-15,0.0,0.0,0.0,0.0,0.0,0.0
2020-08-16,0.0,0.0,0.0,0.0,0.0,0.0
2020-08-17,0.0,0.0,0.0,0.0,0.0,0.0
2020-08-18,0.0,0.0,0.0,0.0,0.0,0.0
2020-08-19,0.0,0.0,0.0,0.0,0.0,0.0
2020-08-20,0.0,0.0,0.0,0.0,0.0,0.0
2020-08-21,0.0,0.0,0.0,0.0,0.0,0.0
2020-08-22,0.0,0.0,0.0,0.0,0.0,0.0
2020-08-23,0.0,0.0,0.0,0.0,0.0,0.0
2020-08-24,0.0,0.0,0.0,0.0,0.0,0.0
2020-08-25,0.0,0.0,0.0,0.0,0.0,0.0
2020-08-26,0.0,0.0,0.0,0.0,0.0,0.0
2020-08-27,0.0,0.0,0.0,0.0,0.0,0.0
2020-08-28,0.0,0.0,0.0,0.0,0.0,0.0
2020-08-29,0.0,0.0,0.0,0.0,0.0,0.0
2020-08-30,0.0,0.0,0.0,0.0,0.0,0.0
2020-08-31,0.0,0.0,0.0,0.0,0.0,0.0
2020-09-01,0.0,0.0,0.0,0.0,0.0,0.0
2020-09-02,0.0,0.0,0.0,0.0,0.0,0.0
2020-09-03,0.0,0.0,0.0,0.0,0.0,0.0
2020-09-04,0.0,0.0,0.0,0.0,0.0,0.0
2020-09-05,0.0,0.0,0.0,0.0,0.0,0.0
2020-09-06,0.0,0.0,0.0,0.0,0.0,0.0
2020-09-07,0.0,0.0,0.0,0.0,0.0,0.0
2020-09-08,0.0,0.0,0.0,0.0,0.0,0.0
2020-09-09,0.0,0.0,0.0,0.0,0.0,0.0
2020-09-10,0.0,0.0,0.0,0.0,0.0,0.0
2020-09-11,0.0,0.0,0.0,0.0,0.0,0.0
2020-09-12,0.0,0.0,0.0,0.0,0.0,0.0
2020-09-13,0.0,0.0,0.0,0.0,0.0,0.0
2020-09-14,0.0,0.0,0.0,0.0,0.0,0.0
2020-09-15,0.0,0.0,0.0,0.0,0.0,0.0
2020-09-16,0.0,0.0,0.0,0.0,0.0,0.0
2020-09-17,0.0,0.0,0.0,0.0,0.0,0.0
2020-09-18,0.0,0.0,0.0,0.0,0.0,0.0
2020-09-19,0.0,0.0,0.0,0.0,0.0,0.0
2020-09-20,0.0,0.0,0.0,0.0,0.0,0.0
2020-09-21,0.0,0.0,0.0,0.0,0.0,0.0
2020-09-22,0.0,0.0,0.0,0.0,0.0,0.0
2020-09-23,0.0,0.0,0.0,0.0,0.0,0.0
2020-09-24,0.0,0.0,0.0,0.0,0.0,0.0
2020-09-25,0.0,0.0,0.0,0.0,0.0,0.0
2020-09-26,0.0,0.0,0.0,0.0,0.0,0.0
2020-09-27,0.0,0.0,0.0,0.0,0.0,0.0
2020-09-28,0.0,0.0,0.0,0.0,0.0,0.0
2020-09-29,0.0,0.0,0.0,0.0,0.0,0.0
2020-09-30,0.0,0.0,0.0,0.0,0.0,0.0
2020-10-01,0.0,0.0,0.0,0.0,0.0,0.0
2020-10-02,0.0,0.0,0.0,0.0,0.0,0.0
2020-10-03,0.0,0.0,0.0,0.0,0.0,0.0
2020-10-04,0.0,0.0,0.0,0.0,0.0,0.0
2020-10-05,0.0,0.0,0.0,0.0,0.0,0.0
2020-10-06,0.0,0.0,0.0,0.0,0.0,0.0
2020-10-07,0.0,0.0,0.0,0.0,0.0,0.0
2020-10-08,0.0,0.0,0.0,0.0,0.0,0.0
2020-10-09,0.0,0.0,0.0,0.0,0.0,0.0
2020-10-10,0.0,0.0,0.0,0.0,0.0,0.0
2020-10-11,0.0,0.0,0.0,0.0,0.0,0.0
2020-10-12,0.0,0.0,0.0,0.0,0.0,0.0
2020-10-13,0.0,0.0,0.0,0.0,0.0,0.0
2020-10-14,0.0,0.0,0.0,0.0,0.0,0.0
2020-10-15,0.0,0.0,0.0,0.0,0.0,0.0
2020-10-16,0.0,0.0,0.0,0.0,0.0,0.0
2020-10-17,0.0,0.0,0.0,0.0,0.0,0.0
2020-10-18,0.0,0.0,0.0,0.0,0.0,0.0
2020-10-19,0.0,0.0,0.0,0.0,0.0,0.0
2020-10-20,0.0,0.0,0.0,0.0,0.0,0.0
2020-10-21,0.0,0.0,0.0,0.0,0.0,0.0
2020-10-22,0.0,0.0,0.0,0.0,0.0,0.0
2020-10-23,0.0,0.0,0.0,0.0,0.0,0.0
2020-10-24,0.0,0.0,0.0,0.0,0.0,0.0
2020-10-25,0.0,0.0,0.0,0.0,0.0,0.0
2020-10-26,0.0,0.0,0.0,0.0,0.0,0.0
2020-10-27,0.0,0.0,0.0,0.0,0.0,0.0
2020-10-28,0.0,0.0,0.0,0.0,0.0,0.0
2020-10-29,0.0,0.0,0.0,0.0,0.0,0.0
2020-10-30,0.0,0.0,0.0,0.0,0.0,0.0
2020-10-31,0.0,0.0,0.0,0.0,0.0,0.0
2020-11-01,0.0,0.0,0.0,0.0,0.0,0.0
2020-11-02,0.0,0.0,0.0,0.0,0.0,0.0
2020-11-03,0.0,0.0,0.0,0.0,0.0,0.0
2020-11-04,0.0,0.0,0.0,0.0,0.0,0.0
2020-11-05,0.0,0.0,0.0,0.0,0.0,0.0
2020-11-06,0.0,0.0,0.0,0.0,0.0,0.0
2020-11-07,0.0,0.0,0.0,0.0,0.0,0.0
2020-11-08,0.0,0.0,0.0,0.0,0.0,0.0
2020-11-09,0.0,0.0,0.0,0.0009765625,0.0,0.0
2020-11-10,0.0,0.0,0.0,0.0009765625,0.0,0.0
2020-11-11,0.0,0.0,0.0,0.0,0.0,0.0
2020-11-12,0.0,0.0,0.0,0.0,0.0,0.0
2020-11-13,0.0,0.0,0.0,0.0,0.0,0.0
2020-11-14,0.0,0.0,0.0,0.0,0.0,0.0
2020-11-15,0.0,0.0,0.0,0.0,0.0,0.0
2020-11-16,0.0,0.0,0.0,0.0,0.0,0.0
2020-11-17,0.0,0.0,0.0,0.0,0.0,0.01171875
2020-11-18,0.0,0.0,0.0,0.0,0.0,0.001953125
2020-11-19,0.9130859375,3.109375,1.111328125,0.283203125,0.0,0.18359375
2020-11-20,2.578125,4.439453125,3.17578125,2.8857421875,0.869140625,2.8212890625
2020-11-21,0.0,0.0,0.0,0.0,0.0,0.0
2020-11-22,0.0,0.0,0.0,0.0,0.0,0.0
2020-11-23,0.0,0.0,0.0,0.0,0.0,0.0
2020-11-24,0.0,0.0,0.0,0.001953125,0.0,0.0
2020-11-25,0.0,0.0,0.0,0.0,0.0,0.0
2020-11-26,0.0,0.0,0.0,0.0,0.0,0.0
2020-11-27,0.0,0.0,0.0,0.0,0.0,0.0
2020-11-28,0.2451171875,0.365234375,0.275390625,0.212890625,0.0,2.865234375
2020-11-29,0.060546875,0.1337890625,0.1123046875,0.0869140625,0.0,0.076171875
2020-11-30,0.0,0.0,0.0,0.0,0.0,0.0
2020-12-01,0.0,0.0,0.0,0.0,0.4375,0.0244140625
2020-12-02,0.0,0.0,0.0,0.00390625,0.0,2.8955078125
2020-12-03,0.0,0.0,0.0,0.0,0.0,1.4287109375
2020-12-04,0.0,0.0,0.0,0.0,0.0,0.0
2020-12-05,0.0,0.0,0.0,0.0009765625,0.0,0.0
2020-12-06,0.0,0.0,1.0830078125,0.0,0.0,7.2451171875
2020-12-07,0.0,0.0,0.0595703125,0.0,0.0,0.484375
2020-12-08,0.0,0.0,0.0,0.0,0.0,21.513671875
2020-12-09,0.0,0.0,0.0,0.0,0.0,0.0
2020-12-10,0.0,0.025390625,0.6240234375,0.166015625,0.0,3.345703125
2020-12-11,0.0,0.0,0.0,0.0,0.0,0.6337890625
2020-12-12,0.0,1.4228515625,0.650390625,0.2099609375,0.0,0.0
2020-12-13,0.0400390625,0.380859375,0.2275390625,0.2119140625,0.0,0.0
2020-12-14,0.0,0.0,0.0,0.0,0.0,0.0
2020-12-15,0.0,0.0,0.0,0.0,0.0,0.0
2020-12-16,0.0,0.0,0.0,0.0,0.0,0.0263671875
2020-12-17,0.0,0.0,0.0,0.0,0.0,0.048828125
2020-12-18,0.0,0.0,0.0,0.0,0.0,0.052734375
2020-12-19,0.0,0.0,0.0,0.0,0.0,0.0712890625
2020-12-20,0.0,0.0,0.0,0.0,0.0,0.19921875
2020-12-21,0.0,0.0,0.0,0.0,0.0,0.0908203125
2020-12-22,0.0,0.0,0.0,0.0,0.0,0.154296875
2020-12-23,0.0,0.0,0.0,0.0,0.0,0.0
2020-12-24,0.0,0.0,0.0,0.0,0.0,0.0
2020-12-25,16.251953125,17.5107421875,25.1005859375,14.220703125,1.0908203125,34.625
2020-12-26,1.2890625,0.0,11.279296875,2.298828125,2.8544921875,16.69140625
2020-12-27,0.0,0.0,11.693359375,0.0,0.30859375,29.025390625
2020-12-28,0.0,0.0,0.0,0.0,0.0,25.23046875
2020-12-29,0.0,0.0,0.0,0.0,0.0,21.765625
2020-12-30,0.0,0.0,4.2509765625,0.0,0.447265625,10.3759765625
2020-12-31,0.0,0.0,0.0,0.0,0.0,0.0
2021-01-01,0.0,0.0,0.0,0.0,0.0,0.0703125
2021-01-02,0.0009765625,0.14453125,7.7294921875,0.029296875,0.419921875,25.3779296875
2021-01-03,0.4912109375,0.0390625,3.2587890625,1.3681640625,0.044921875,4.1611328125
2021-01-04,0.0068359375,0.0,1.78515625,0.130859375,0.0,4.5126953125
2021-01-05,1.642578125,3.8037109375,20.240234375,5.59765625,1.1015625,27.869140625
2021-01-06,2.4609375,5.341796875,9.4482421875,7.705078125,0.0,19.7841796875
2021-01-07,7.6103515625,10.349609375,7.35546875,5.9853515625,0.0,9.3525390625
2021-01-08,3.388671875,3.6845703125,6.2861328125,6.0185546875,0.0654296875,12.669921875
2021-01-09,6.78125,10.35546875,15.1484375,11.154296875,0.0,26.9375
2021-01-10,4.1279296875,6.638671875,9.15625,7.435546875,0.0,0.0
2021-01-11,0.3486328125,0.6181640625,0.3486328125,0.0,0.0,0.0
2021-01-12,1.1474609375,1.767578125,2.18359375,1.904296875,0.0,3.62109375
2021-01-13,3.8564453125,4.55859375,4.4443359375,3.7880859375,3.2138671875,5.390625
2021-01-14,0.267578125,0.6640625,0.224609375,0.267578125,0.0,0.0712890625
2021-01-15,1.02734375,2.169921875,0.78515625,1.2919921875,0.0,0.3603515625
2021-01-16,2.6103515625,2.9794921875,1.9765625,1.6171875,0.4892578125,1.1767578125
2021-01-17,0.1396484375,0.0947265625,0.158203125,0.005859375,0.0,0.2119140625
2021-01-18,0.0,0.107421875,0.09375,0.0517578125,0.0,0.103515625
2021-01-19,0.0,0.0,0.5830078125,0.0,0.154296875,1.9931640625
2021-01-20,0.0,0.0,0.0,0.0,0.0,2.32421875
2021-01-21,0.0,0.0,0.0,0.0,0.0,14.8095703125
2021-01-22,0.0,0.0,0.0,0.0,0.0,15.6923828125
2021-01-23,0.0,0.0,25.486328125,9.455078125,2.4375,53.5966796875
2021-01-24,8.654296875,11.6953125,25.560546875,18.7587890625,13.8134765625,44.5966796875
2021-01-25,4.126953125,6.2001953125,4.8515625,5.8681640625,5.271484375,14.0986328125
2021-01-26,0.5634765625,2.0341796875,0.5166015625,1.1689453125,0.0,0.2060546875
2021-01-27,0.0,0.0,0.40234375,0.0673828125,0.7373046875,0.3564453125
2021-01-28,4.705078125,6.23046875,10.666015625,5.1533203125,1.6337890625,13.1181640625
2021-01-29,0.0,0.0,1.1171875,0.0,0.0,3.486328125
2021-01-30,0.0,0.0,4.2373046875,0.0,0.0,19.076171875
2021-01-31,0.0,0.0,0.0,0.0,0.0,5.359375
2021-02-01,0.0,0.0,0.0,0.0,0.0,0.0
2021-02-02,0.0,0.0,0.0,0.0,0.0,0.0
2021-02-03,0.0,0.0,0.0,0.0,0.0,0.0
2021-02-04,0.0,0.0,0.0,0.0,0.0,0.0
2021-02-05,0.0,0.0,0.0,0.0,0.0,0.0
2021-02-06,0.0,0.0,0.0,0.0,0.0,0.0
2021-02-07,0.0,0.0,0.0,0.0,0.0,0.52734375
2021-02-08,0.0,0.0,0.0,0.0,0.0,2.9443359375
2021-02-09,0.0,0.0,0.0,0.0,0.0,9.041015625
2021-02-10,0.9326171875,2.3154296875,0.0,0.1416015625,0.0,5.189453125
2021-02-11,0.00390625,0.0,0.0,0.0,0.0,0.0
2021-02-12,2.990234375,3.2451171875,8.2978515625,8.0888671875,11.2255859375,19.025390625
2021-02-13,1.3505859375,2.2509765625,2.642578125,2.732421875,1.64453125,4.224609375
2021-02-14,0.06640625,0.1318359375,0.0986328125,0.19921875,0.0,0.1064453125
2021-02-15,0.0,0.0,0.0,0.0,0.0,0.0
2021-02-16,0.0,0.0,0.4296875,0.0,0.0,0.240234375
2021-02-17,0.0,0.0,0.0,0.0,0.0,0.0
2021-02-18,0.0,0.0,0.0,0.0,0.0,0.0
2021-02-19,0.0,0.0,0.0,0.0,0.0,1.3662109375
2021-02-20,0.0,0.0,0.0,0.0,0.0,0.0
2021-02-21,0.0,0.0,0.0,0.0,0.0,0.0
2021-02-22,0.0,0.0,0.0,0.0,0.0,0.0
2021-02-23,0.0,0.0,0.0,0.0,0.0,0.0
2021-02-24,0.0,0.0,0.0,0.0,0.0,0.0
2021-02-25,0.0,0.0,0.0,0.0,0.0,0.0
2021-02-26,0.12890625,1.03125,0.0,0.0,0.0,0.0
2021-02-27,0.0927734375,0.30078125,0.0,0.0,0.0,0.0
2021-02-28,0.0126953125,0.1328125,0.0,0.0341796875,0.0,0.0
2021-03-01,0.0,0.0,0.0,0.0107421875,0.0,0.0
2021-03-02,0.0,0.0,0.0,0.0,0.0,0.0
2021-03-03,0.0,0.0,0.0,0.0,0.0,0.0
2021-03-04,0.0,0.7119140625,0.0,0.01171875,0.0,0.0
2021-03-05,1.8720703125,3.44921875,2.2822265625,2.6240234375,0.0,0.4306640625
2021-03-06,0.0,0.0,0.0,0.0,0.0,0.0
2021-03-07,0.0,0.0,1.61328125,2.0400390625,0.0,6.1640625
2021-03-08,13.4560546875,12.1220703125,23.8017578125,12.5439453125,3.884765625,25.830078125
2021-03-09,14.9736328125,17.9189453125,23.5703125,19.2646484375,5.3623046875,51.1865234375
2021-03-10,0.0,0.0,0.0,0.0,0.0,0.0
2021-03-11,0.0,0.0,0.0,0.0,0.0,0.0
2021-03-12,0.0,0.0,0.0,0.0,0.0,7.7001953125
2021-03-13,0.9560546875,0.0,0.0,0.0,0.0,0.0
2021-03-14,9.490234375,12.8798828125,9.59375,8.150390625,2.970703125,9.2646484375
2021-03-15,1.46875,4.8271484375,0.095703125,0.3427734375,0.0,0.0
2021-03-16,0.0751953125,0.529296875,0.0,0.2294921875,0.0,0.0
2021-03-17,3.3974609375,4.0830078125,0.953125,1.189453125,0.0,0.583984375
2021-03-18,0.0,0.3408203125,0.494140625,0.53515625,0.3515625,0.63671875
2021-03-19,4.8916015625,7.6123046875,9.509765625,7.626953125,4.03125,11.63671875
2021-03-20,10.2958984375,14.8623046875,17.0205078125,19.1630859375,14.0087890625,27.8720703125
2021-03-21,11.2099609375,19.845703125,11.296875,11.7275390625,5.033203125,8.6318359375
2021-03-22,0.0,1.0869140625,0.9052734375,1.0185546875,0.0,0.517578125
2021-03-23,5.4404296875,5.9404296875,4.9560546875,4.8115234375,0.0,2.5048828125
2021-03-24,0.0,0.0,0.0,0.0,0.0,0.0
2021-03-25,0.0,0.0,0.0,0.0,0.0,0.0
2021-03-26,0.0,0.0,0.0,0.0,0.0,0.0
2021-03-27,0.0,0.0,0.0,0.0,0.0,0.0
2021-03-28,0.0,0.0,0.0,0.0,0.0,0.0
2021-03-29,0.0,0.0,0.0,0.0,0.0,0.0
2021-03-30,0.0,0.0,0.0,0.0,0.0,0.0
2021-03-31,0.0,0.0,0.0,0.0,0.0,0.0
2021-04-01,0.0,0.0,0.0,0.0,0.0,0.0
2021-04-02,0.6376953125,4.794921875,2.2421875,3.51171875,0.0,0.0
2021-04-03,0.58984375,3.9072265625,8.216796875,6.9501953125,3.521484375,16.4169921875
2021-04-04,0.0,0.0,0.0,0.0,0.0,0.0
2021-04-05,10.7880859375,7.48046875,9.392578125,5.4267578125,0.0,8.1787109375
2021-04-06,3.8828125,6.2626953125,8.62890625,10.6533203125,4.82421875,20.1376953125
2021-04-07,0.0,0.4677734375,0.0,0.0,0.0,0.0
2021-04-08,0.0,0.0,0.0,0.0,0.0,0.0
2021-04-09,0.0,0.0,0.0,0.0,0.0,0.0
2021-04-10,0.0,0.0,0.0,0.0,0.0,0.0
2021-04-11,0.0,0.0,0.0,0.0,0.0,0.0
2021-04-12,0.3623046875,1.6630859375,0.0,0.048828125,0.0,0.6240234375
2021-04-13,2.2626953125,2.8505859375,4.71484375,2.638671875,0.0,6.310546875
2021-04-14,0.0,0.1357421875,0.0,0.0,0.0,0.0
2021-04-15,0.0,0.0,0.0,0.0,0.0,0.0
2021-04-16,6.490234375,7.564453125,9.283203125,6.61328125,0.8212890625,16.7978515625
2021-04-17,0.0,0.0,0.0,0.0,0.0,3.0732421875
2021-04-18,0.0,0.0,0.1953125,1.203125,0.0,2.576171875
2021-04-19,0.0,0.0,0.0,0.3681640625,0.0,0.0
2021-04-20,0.0,0.0,0.0,0.0,0.0,0.0
2021-04-21,0.0,0.0,0.8740234375,0.0,0.0,2.376953125
2021-04-22,0.0,0.0,0.560546875,0.091796875,0.0,0.0
2021-04-23,0.0,0.0,0.0,0.0,0.0,0.0
2021-04-24,0.0,0.0,0.0,0.0,0.0,0.0
2021-04-25,0.0,0.0,0.0,0.0,0.0,0.0
2021-04-26,0.1513671875,0.0078125,0.0,0.578125,0.0,0.0
2021-04-27,0.0,0.0,0.0,0.0,0.0,0.0
2021-04-28,0.0,0.0,0.0,0.0,0.0,0.0
2021-04-29,0.0,0.0,0.0,0.0,0.0,0.0
2021-04-30,0.0,0.0,0.0,0.0,0.0,0.0
2021-05-01,0.0,0.0,0.0,0.0,0.0,0.0
2021-05-02,0.0,0.0,0.0,0.0,0.0,0.0
2021-05-03,0.0,0.0,0.0,0.0,0.0,0.0
2021-05-04,0.0,0.0,0.0,0.0,0.0,0.0
2021-05-05,0.0,0.0,0.0,0.0,0.0,0.0
2021-05-06,0.0,0.0,0.0,0.0,0.0,0.0
2021-05-07,0.0,0.0,0.0,0.0,0.0,0.0
2021-05-08,0.0,0.0,0.0,0.0,0.0,0.0
2021-05-09,0.0,0.0,0.0,0.0,0.0,0.0
2021-05-10,0.0,0.0,0.0,0.0,0.0,0.0
2021-05-11,0.0,0.0,0.0,0.0,0.0,0.0
2021-05-12,0.0,0.0,0.0,0.0,0.0,0.0
2021-05-13,0.0,0.0,0.0,0.0,0.0,0.0
2021-05-14,0.0,0.0,0.0,0.0,0.0,0.0
2021-05-15,0.0,0.0,0.0,0.0,0.0,0.0
2021-05-16,0.0,0.0,0.0,0.0,0.0,0.0
2021-05-17,0.0,0.0,0.0,0.0,0.0,0.0
2021-05-18,0.0,0.0,0.0,0.0,0.0,0.0
2021-05-19,0.0,0.0,0.080078125,0.0,0.0,0.1640625
2021-05-20,0.0,0.0,0.0,0.0,0.0,0.0
2021-05-21,0.0,0.0,0.0,0.0,0.0,0.0
2021-05-22,0.0,0.0,0.0,0.0,0.0,0.0
2021-05-23,0.0,0.0,0.0,0.0,0.0,0.0
2021-05-24,0.0,0.0,0.0,0.0,0.0,0.0
2021-05-25,0.0,0.0,0.0,0.0,0.0,0.0
2021-05-26,0.0,0.0,0.0,0.0,0.0,0.0
2021-05-27,0.0,0.0,0.0,0.0,0.0,0.0
2021-05-28,0.0,0.0,0.0,0.0,0.0,0.0
2021-05-29,0.0,0.0,0.0,0.0,0.0,0.0
2021-05-30,0.0,0.0,0.0,0.0,0.0,0.0
2021-05-31,0.0,0.0,0.0,0.0,0.0,0.7998046875
2021-06-01,0.0,0.0,0.0,0.0,0.0,0.0
2021-06-02,0.0,0.0,0.0,0.0,0.0,0.0
2021-06-03,0.0,0.0,0.0,0.0,0.0,0.0
2021-06-04,0.0,0.0,0.0,0.0,0.0,0.0
2021-06-05,0.0,0.0,0.0,0.0,0.0,0.0
2021-06-06,0.0,0.0,0.0,0.0,0.0,0.0
2021-06-07,0.0,0.0,0.0,0.0,0.0,0.0
2021-06-08,0.0,0.0,0.0,0.0,0.0,0.0
2021-06-09,0.0,0.0,0.0,0.0,0.0,0.0
2021-06-10,0.0,0.0,0.0,0.0,0.0,0.0
2021-06-11,0.0,0.0,0.0,0.0,0.0,0.0
2021-06-12,0.0,0.0,0.0,0.0,0.0,0.0
2021-06-13,0.0,0.0,0.0,0.0,0.0,0.0
2021-06-14,0.0,0.0,0.0,0.0,0.0,0.0
2021-06-15,0.0,0.0,0.0,0.0,0.0,0.0
2021-06-16,0.0,0.0,0.0,0.0,0.0,0.0
2021-06-17,0.0,0.0,0.0,0.0,0.0,0.0
2021-06-18,0.0,0.0,0.0,0.0,0.0,0.0
2021-06-19,0.0,0.0,0.0,0.0,0.0,0.0
2021-06-20,0.0,0.0,0.0,0.0,0.0,0.0
2021-06-21,0.0,0.0,0.0,0.0,0.0,0.0
2021-06-22,0.0,0.0,0.0,0.0,0.0,0.0
2021-06-23,0.0,0.0,0.0,0.0,0.0,0.0
2021-06-24,0.0,0.0,0.0,0.0,0.0,0.0
2021-06-25,0.0,0.0,0.0,0.0,0.0,0.0
2021-06-26,0.0,0.0,0.0,0.0,0.0,0.0
2021-06-27,0.0,0.0,0.0,0.0,0.0,0.0
2021-06-28,0.0,0.0,0.0,0.0,0.0,0.0
2021-06-29,0.0,0.0,0.0,0.0,0.0,0.0
2021-06-30,0.0,0.0,0.0,0.0,0.0,0.0
2021-07-01,0.0,0.0,0.0,0.0,0.0,0.0
2021-07-02,0.0,0.0,0.0,0.0,0.0,0.0
2021-07-03,0.0,0.0,0.0,0.0,0.0,0.0
2021-07-04,0.0,0.0,0.0,0.0,0.0,0.0
2021-07-05,0.0,0.0,0.0,0.0,0.0,0.0
2021-07-06,0.0,0.0,0.0,0.0,0.0,0.0
2021-07-07,0.0,0.0,0.0,0.0,0.0,0.0
2021-07-08,0.0,0.0,0.0,0.0,0.0,0.0
2021-07-09,0.0,0.0,0.0,0.0,0.0,0.0
2021-07-10,0.0,0.0,0.0,0.0,0.0,0.0
2021-07-11,0.0,0.0,0.0,0.0,0.0,0.0
2021-07-12,0.0,0.0,0.0,0.0,0.0,0.0
2021-07-13,0.0,0.0,0.0,0.0,0.0,0.0
2021-07-14,0.0,0.0,0.0,0.0,0.0,0.0
2021-07-15,0.0,0.0,0.0,0.0,0.0,0.0
2021-07-16,0.0,0.0,0.0,0.0,0.0,0.0
2021-07-17,0.0,0.0,0.0,0.0,0.0,0.0
2021-07-18,0.0,0.0,0.0,0.0,0.0,0.0
2021-07-19,0.0,0.0,0.0,0.0,0.0,0.0
2021-07-20,0.0,0.0,0.0,0.0,0.0,0.0
2021-07-21,0.0,0.0,0.0,0.0,0.0,0.0
2021-07-22,0.0,0.0,0.0,0.0,0.0,0.0
2021-07-23,0.0,0.0,0.0,0.0,0.0,0.0
2021-07-24,0.0,0.0,0.0,0.0,0.0,0.0
2021-07-25,0.0,0.0,0.0,0.0,0.0,0.0
2021-07-26,0.0,0.0,0.0,0.0,0.0,0.0
2021-07-27,0.0,0.0,0.0,0.0,0.0,0.0
2021-07-28,0.0,0.0,0.0,0.0,0.0,0.0
2021-07-29,0.0,0.0,0.0,0.0,0.0,0.0
2021-07-30,0.0,0.0,0.0,0.0,0.0,0.0
2021-07-31,0.0,0.0,0.0,0.0,0.0,0.0
2021-08-01,0.0,0.0,0.0,0.0,0.0,0.0
2021-08-02,0.0,0.0,0.0,0.0,0.0,0.0
2021-08-03,0.0,0.0,0.0,0.0,0.0,0.0
2021-08-04,0.0,0.0,0.0,0.0,0.0,0.0
2021-08-05,0.0,0.0,0.0,0.0,0.0,0.0
2021-08-06,0.0,0.0,0.0,0.0,0.0,0.0
2021-08-07,0.0,0.0,0.0,0.0,0.0,0.0
2021-08-08,0.0,0.0,0.0,0.0,0.0,0.0
2021-08-09,0.0,0.0,0.0,0.0,0.0,0.0
2021-08-10,0.0,0.0,0.0,0.0,0.0,0.0
2021-08-11,0.0,0.0,0.0,0.0,0.0,0.0
2021-08-12,0.0,0.0,0.0,0.0,0.0,0.0
2021-08-13,0.0,0.0,0.0,0.0,0.0,0.0
2021-08-14,0.0,0.0,0.0,0.0,0.0,0.0
2021-08-15,0.0,0.0,0.0,0.0,0.0,0.0
2021-08-16,0.0,0.0,0.0,0.0,0.0,0.0
2021-08-17,0.0,0.0,0.0,0.0,0.0,0.0
2021-08-18,0.0,0.0,0.0,0.0,0.0,0.0
2021-08-19,0.0,0.0,0.0,0.0,0.0,0.0
2021-08-20,0.0,0.0,0.0,0.0,0.0,0.0
2021-08-21,0.0,0.0,0.0,0.0,0.0,0.0
2021-08-22,0.0,0.0,0.0,0.0,0.0,0.0
2021-08-23,0.0,0.0,0.0,0.0,0.0,0.0
2021-08-24,0.0,0.0,0.0,0.0,0.0,0.0
2021-08-25,0.0,0.0,0.0,0.0,0.0,0.0
2021-08-26,0.0,0.0,0.0,0.0,0.0,0.0
2021-08-27,0.0,0.0,0.0,0.0,0.0,0.0
2021-08-28,0.0,0.0,0.0,0.0,0.0,0.0
2021-08-29,0.0,0.0,0.0,0.0,0.0,0.0
2021-08-30,0.0,0.0,0.0,0.0,0.0,0.0
2021-08-31,0.0,0.0,0.0,0.0,0.0,0.0
2021-09-01,0.0,0.0,0.0,0.0,0.0,0.0
2021-09-02,0.0,0.0,0.0,0.0,0.0,0.0
2021-09-03,0.0,0.0,0.0,0.0,0.0,0.0
2021-09-04,0.0,0.0,0.0,0.0,0.0,0.0
2021-09-05,0.0,0.0,0.0,0.0,0.0,0.0
2021-09-06,0.0,0.0,0.0,0.0,0.0,0.0
2021-09-07,0.0,0.0,0.0,0.0,0.0,0.0
2021-09-08,0.0,0.0,0.0,0.0,0.0,0.0
2021-09-09,0.0,0.0,0.0,0.0,0.0,0.0
2021-09-10,0.0,0.0,0.0,0.0,0.0,0.0
2021-09-11,0.0,0.0,0.0,0.0,0.0,0.0
2021-09-12,0.0,0.0,0.0,0.0,0.0,0.0
2021-09-13,0.0,0.0,0.0,0.0,0.0,0.0
2021-09-14,0.0,0.0,0.0,0.0,0.0,0.0
2021-09-15,0.0,0.0,0.0,0.0,0.0,0.0
2021-09-16,0.0,0.0,0.0,0.0,0.0,0.0
2021-09-17,0.0,0.0,0.0,0.0,0.0,0.0
2021-09-18,0.0,0.0,0.0,0.0,0.0,0.0
2021-09-19,0.0,0.0,0.0,0.0,0.0,0.0
2021-09-20,0.0,0.0,0.0,0.0,0.0,0.0
2021-09-21,0.0,0.0,0.0,0.0,0.0,0.0
2021-09-22,0.0,0.0,0.0,0.0,0.0,0.0
2021-09-23,0.0,0.0,0.0,0.0,0.0,0.0
2021-09-24,0.0,0.0,0.0,0.0,0.0,0.0
2021-09-25,0.0,0.0,0.0,0.0,0.0,0.0
2021-09-26,0.0,0.0,0.0,0.0,0.0,0.0
2021-09-27,0.0,0.0,0.0,0.0,0.0,0.0
2021-09-28,0.0,0.0,0.0,0.0,0.0,0.0
2021-09-29,0.0,0.0,0.0,0.0,0.0,0.0
2021-09-30,0.0,0.0,0.0,0.0,0.0,0.0
2021-10-01,0.0,0.0,0.0,0.0,0.0,0.0
2021-10-02,0.0,0.0,0.0,0.0,0.0,0.0
2021-10-03,0.0,0.0,0.0,0.0,0.0,0.0
2021-10-04,0.0,0.0,0.0,0.0,0.0,0.0
2021-10-05,0.0,0.0,0.0,0.0,0.0,0.0
2021-10-06,0.0,0.0,0.0,0.0,0.0,0.0
2021-10-07,0.0,0.0,0.0,0.0,0.0,0.0
2021-10-08,0.0,0.044921875,0.154296875,0.0,0.0,0.0
2021-10-09,0.0,0.0,0.0,0.0,0.0,0.0
2021-10-10,0.0,0.0,0.0,0.0,0.0,0.0
2021-10-11,0.0,0.0,0.0,0.0,0.0,0.0
2021-10-12,0.0,0.015625,0.3134765625,0.0,0.0,0.2177734375
2021-10-13,0.0361328125,0.8173828125,0.611328125,0.12890625,0.0,0.126953125
2021-10-14,0.146484375,0.73828125,0.453125,0.044921875,0.0,0.0
2021-10-15,0.0,0.0,0.0,0.0,0.0,0.0
2021-10-16,0.0,0.0,0.0,0.0,0.0,0.0
2021-10-17,0.0,0.0,0.0,0.0,0.0,0.0
2021-10-18,0.0,0.0,0.0,0.0,0.0,0.0
2021-10-19,0.0,0.0,0.0,0.0,0.0,0.0
2021-10-20,0.0,0.0,0.0,0.0,0.0,0.0
2021-10-21,0.0,0.0,0.0,0.0,0.0,0.0
2021-10-22,0.0,0.0,0.0,0.0,0.0,0.0
2021-10-23,0.0,0.0,0.0,0.0,0.0,0.0
2021-10-24,0.0,0.0,0.0,0.0,0.0,0.0
2021-10-25,0.0,0.0,0.0,0.0,0.0,0.0
2021-10-26,0.0,0.0,0.0,0.0,0.0,0.0
2021-10-27,0.0009765625,0.0,0.0,0.005859375,0.0,0.0
2021-10-28,0.0,0.0,0.0,0.0,0.0,0.0
2021-10-29,0.0,0.0,0.0,0.0,0.0,0.0
2021-10-30,0.0,0.0,0.0,0.0,0.0,0.0
2021-10-31,0.0,0.0,0.0,0.0,0.0,0.0
2021-11-01,0.0,0.0,0.0,0.0,0.0,0.0
2021-11-02,0.0,0.0,0.0,0.0,0.0,0.0
2021-11-03,0.0,0.0,0.0,0.0,0.0,0.0
2021-11-04,0.0,0.0,0.0,0.0,0.0,0.0
2021-11-05,0.0,0.0,0.0,0.0,0.0,0.0
2021-11-06,0.0,0.0,0.0,0.0,0.0,0.0
2021-11-07,0.0,0.0,0.0,0.0,0.0,0.0
2021-11-08,0.0,0.0,0.0,0.0,0.0,0.0
2021-11-09,0.0,0.0,0.0,0.0,0.0,0.0
2021-11-10,0.0,0.0,0.0,0.0,0.0,0.0
2021-11-11,0.0,0.0,0.0,0.0,0.0,0.0
2021-11-12,0.0,0.0,0.0,0.0,0.0,0.0
2021-11-13,0.0,0.0,0.0,0.0,0.0,0.0
2021-11-14,0.0,0.0,0.0,0.0,0.0,0.0
2021-11-15,0.0,0.0,0.0009765625,0.0,0.0,0.0
2021-11-16,0.0,0.0,0.0,0.0,0.0,0.0
2021-11-17,0.0,0.001953125,0.001953125,0.0,0.0,0.0
2021-11-18,0.0,0.08984375,0.1083984375,0.0751953125,0.0,0.0166015625
2021-11-19,0.0,0.0,0.0,0.0,0.0,0.0
2021-11-20,0.0009765625,0.0,0.0,0.0009765625,0.0,0.0
2021-11-21,0.0,0.0,0.0,0.0,0.0,0.0
2021-11-22,0.0263671875,0.2568359375,0.546875,0.0556640625,0.0,0.1826171875
2021-11-23,0.0078125,0.0,0.0,0.0,0.0,0.0
2021-11-24,0.0,0.0,0.0,0.0,0.0,0.0
2021-11-25,0.0,0.0,0.66015625,0.046875,0.2041015625,24.0625
2021-11-26,0.0,0.0,0.0,0.0,0.0,11.0263671875
2021-11-27,0.0,0.0,0.0,0.0,0.0,8.8671875
2021-11-28,11.1904296875,13.275390625,10.25,5.2255859375,3.455078125,20.8134765625
2021-11-29,1.767578125,2.08203125,2.533203125,1.6337890625,3.3662109375,4.5380859375
2021-11-30,0.0,0.0,0.224609375,0.0,0.0,3.40234375
2021-12-01,0.0,0.0,0.0,0.0,0.0,13.9638671875
2021-12-02,21.767578125,18.12109375,21.2138671875,5.8994140625,1.677734375,4.0830078125
2021-12-03,0.0,0.0,0.0,0.0,0.0,1.267578125
2021-12-04,0.0,0.0,4.26953125,0.0,0.0,31.134765625
2021-12-05,13.6064453125,18.2578125,16.794921875,12.423828125,1.10546875,23.37890625
2021-12-06,2.8251953125,7.978515625,2.8916015625,4.201171875,3.0439453125,1.490234375
2021-12-07,0.0,0.0,0.1005859375,0.0,0.083984375,0.0810546875
2021-12-08,0.0,0.0,4.2626953125,0.0,4.01953125,27.1318359375
2021-12-09,2.0703125,5.0048828125,3.6708984375,0.546875,13.7900390625,11.466796875
2021-12-10,15.5537109375,16.8701171875,22.392578125,20.9033203125,5.9765625,28.5654296875
2021-12-11,15.3671875,27.0849609375,11.189453125,14.7353515625,6.7490234375,11.201171875
2021-12-12,1.9384765625,5.07421875,1.263671875,1.1806640625,0.0,0.3642578125
2021-12-13,0.15625,0.6826171875,0.3984375,0.818359375,0.0,0.0771484375
2021-12-14,0.6103515625,2.1279296875,1.060546875,0.6376953125,0.0,0.2275390625
2021-12-15,1.0419921875,3.5185546875,1.44140625,1.3203125,0.0,0.3056640625
2021-12-16,2.21875,5.1640625,1.2802734375,2.38671875,0.0,0.4580078125
2021-12-17,6.6728515625,8.8408203125,4.962890625,5.107421875,0.6376953125,2.8232421875
2021-12-18,0.3173828125,0.7578125,0.4912109375,0.4560546875,0.0,0.2119140625
2021-12-19,1.626953125,2.3828125,0.26953125,0.34375,0.0,0.083984375
2021-12-20,0.1728515625,0.7998046875,0.2001953125,0.23046875,0.0,0.0
2021-12-21,0.5322265625,0.177734375,0.2646484375,0.0361328125,0.0,0.0615234375
2021-12-22,0.0,0.015625,0.2724609375,0.0,0.3388671875,0.572265625
2021-12-23,0.0,0.0,0.0,0.0,0.0,1.4248046875
2021-12-24,0.0,0.0,0.0,0.0,0.0,3.845703125
2021-12-25,0.0,0.0,0.0,0.0,0.0,0.0
2021-12-26,0.0,0.0,0.0,0.0,0.0,0.0
2021-12-27,0.0,0.0,0.0,0.0,0.0,0.0
2021-12-28,0.0,0.0,0.0,0.0615234375,0.0,3.6630859375
2021-12-29,0.0,0.0,0.0224609375,0.927734375,0.0,0.4619140625
2021-12-30,0.0,0.0,0.0,0.0,0.0,0.0
2021-12-31,0.0,0.0,0.0,0.0,0.0,0.0
2022-01-01,0.0,0.0,0.0,0.0,0.0,0.0
2022-01-02,0.0,0.0,0.0,0.0,0.0,0.0
2022-01-03,0.0,0.0,0.0,0.0,0.0,0.0
2022-01-04,0.0,0.0,0.0,0.0,0.0,0.0
2022-01-05,3.13671875,3.2001953125,0.0,1.0546875,0.0,0.0
2022-01-06,1.7255859375,2.0888671875,2.01171875,0.91015625,3.1279296875,2.6220703125
2022-01-07,4.7099609375,3.052734375,5.2568359375,2.40234375,0.0,15.814453125
2022-01-08,0.435546875,0.0478515625,0.1953125,0.0,0.0,4.74609375
2022-01-09,18.7548828125,24.8974609375,13.5947265625,20.2578125,7.025390625,10.48046875
2022-01-10,4.6240234375,8.2958984375,8.80859375,7.3193359375,0.6455078125,6.7646484375
2022-01-11,0.59375,1.005859375,0.7236328125,0.5166015625,0.0,0.0
2022-01-12,0.0,0.0,0.0,0.001953125,0.0,0.0
2022-01-13,0.0,0.0,0.0,0.0,0.0,0.1494140625
2022-01-14,0.0654296875,0.2236328125,0.095703125,0.0517578125,0.0,0.0322265625
2022-01-15,0.0,0.0,0.0,0.0,0.0,0.0
2022-01-16,1.1611328125,1.478515625,0.4208984375,0.3212890625,0.0,1.1826171875
2022-01-17,0.0,1.291015625,0.068359375,0.2021484375,0.0,0.021484375
2022-01-18,0.0,0.0,0.0,0.0,0.0,0.0
2022-01-19,4.068359375,5.7021484375,6.419921875,3.5166015625,4.9833984375,5.9853515625
2022-01-20,2.0390625,3.1923828125,5.1533203125,4.6162109375,1.9140625,12.2783203125
2022-01-21,2.369140625,4.0400390625,0.892578125,1.8828125,0.0,0.80078125
2022-01-22,0.634765625,1.357421875,0.9541015625,1.447265625,0.0,0.4521484375
2022-01-23,0.4873046875,1.1533203125,1.0791015625,0.759765625,0.0,0.259765625
2022-01-24,0.0,0.0,0.0,0.0,0.0,0.0
2022-01-25,0.7001953125,1.1083984375,0.4130859375,0.78125,0.0,0.1455078125
2022-01-26,0.0,0.0,0.0,0.0,0.0,0.0615234375
2022-01-27,0.9140625,2.578125,1.1474609375,0.8173828125,0.0,0.263671875
2022-01-28,0.61328125,2.28125,0.8515625,1.26171875,0.0,0.5234375
2022-01-29,0.0,0.0849609375,0.0,0.0,0.0,0.041015625
2022-01-30,3.1689453125,2.89453125,4.9111328125,2.1650390625,11.3603515625,8.6708984375
2022-01-31,11.83203125,17.29296875,19.91015625,12.5849609375,20.99609375,24.7333984375
2022-02-01,4.0166015625,5.7705078125,1.2158203125,0.7568359375,0.0,0.2783203125
2022-02-02,1.6640625,3.1865234375,1.3203125,2.09765625,0.0,1.05078125
2022-02-03,0.0,0.0,0.0,0.0,0.0,0.0
2022-02-04,0.0,0.0,0.015625,0.0,0.0,2.1474609375
2022-02-05,0.0,0.0,0.0,0.0,0.0,0.0048828125
2022-02-06,7.166015625,11.1943359375,10.453125,6.1123046875,0.0,16.1875
2022-02-07,2.2646484375,4.1728515625,2.0849609375,2.732421875,0.0,1.359375
2022-02-08,0.0,0.466796875,0.123046875,0.0,0.0,0.341796875
2022-02-09,0.0,0.0,0.0,0.0,0.0,0.046875
2022-02-10,0.0,0.0,0.0,0.0,0.0,0.0
2022-02-11,0.0439453125,0.5,0.7783203125,0.0,0.0,0.1474609375
2022-02-12,0.0,0.0,0.0,0.0,0.0,3.517578125
2022-02-13,0.0,0.0,0.0,0.0,0.0,0.2626953125
2022-02-14,0.0,0.0,1.2841796875,0.0,0.0,16.125
2022-02-15,0.0,0.0,16.0751953125,10.9765625,0.650390625,47.6279296875
2022-02-16,0.0,0.0,0.0,0.0,0.0,0.0
2022-02-17,0.0,0.0,0.0,0.0,0.0,0.0
2022-02-18,0.0,0.0,0.0,0.0,0.0,0.0
2022-02-19,0.2744140625,0.0,0.0,0.0,0.0,0.0
2022-02-20,0.19140625,0.0,0.0,0.0,0.0,0.0
2022-02-21,11.87109375,12.8466796875,7.1142578125,7.5,2.224609375,5.9833984375
2022-02-22,0.0,0.8896484375,0.0234375,0.12890625,0.0,0.0
2022-02-23,0.0,0.0,0.0,0.0,0.0,0.0
2022-02-24,0.2470703125,0.0,0.0,0.0,0.0,0.0
2022-02-25,12.1142578125,11.466796875,11.6591796875,7.5458984375,2.28125,8.4814453125
2022-02-26,7.837890625,12.265625,14.9716796875,15.0546875,8.4970703125,22.931640625
2022-02-27,3.7294921875,6.9658203125,4.54296875,2.556640625,0.0,2.2509765625
2022-02-28,1.89453125,4.7353515625,2.8046875,1.4296875,0.0,0.6494140625
2022-03-01,0.0,0.125,0.2177734375,0.1416015625,0.0,0.0
2022-03-02,0.0,0.0,0.0,0.0,0.0,0.0
2022-03-03,0.0,0.0,0.0,0.0,0.0,0.587890625
2022-03-04,5.7333984375,6.5625,11.533203125,9.6767578125,10.07421875,17.4423828125
2022-03-05,10.6162109375,11.0576171875,12.2919921875,10.970703125,6.4970703125,15.3701171875
2022-03-06,2.248046875,5.1845703125,1.8203125,1.158203125,1.970703125,5.955078125
2022-03-07,1.439453125,3.7548828125,2.46484375,0.6806640625,0.0,1.19140625
2022-03-08,3.6181640625,5.8759765625,3.6591796875,2.5625,0.0,1.8994140625
2022-03-09,4.6513671875,8.4638671875,5.16796875,7.2705078125,0.4853515625,4.81640625
2022-03-10,0.0,0.0,0.033203125,0.0,0.0,0.0
2022-03-11,0.0,0.0,0.0,0.0,0.0,0.0
2022-03-12,0.0,0.0,0.0,0.0,0.0,0.0
2022-03-13,0.0,0.0,0.0,0.0,0.0,0.0
2022-03-14,0.0,0.0,0.0,0.0,0.0,0.001953125
2022-03-15,0.0,0.0,0.0,0.0,0.0,0.0
2022-03-16,0.0,0.0,0.0,0.0,0.0,0.525390625
2022-03-17,0.0,0.0,0.0,0.0,0.0,0.0
2022-03-18,0.0,0.0,0.0,0.0,0.0,0.0
2022-03-19,0.0,0.0,0.0,0.0,0.0,0.0
2022-03-20,0.0,0.0,0.0,0.0,0.0,0.0
2022-03-21,0.0,0.0,0.0,0.0,0.0,0.0
2022-03-22,0.0,0.0,0.0,0.0,0.0,0.0
2022-03-23,0.0,0.0,0.0,0.0,0.0,0.0
2022-03-24,0.0,0.0,0.0,0.0,0.0,0.0
2022-03-25,0.0,0.0,0.0,0.0,0.0,0.0
2022-03-26,0.0,0.0,0.0,0.0,0.0,0.0
2022-03-27,0.0,0.0,0.0,0.0,0.0,0.0
2022-03-28,0.0,0.0,0.0,0.0,0.0,0.0
2022-03-29,0.0009765625,0.0,0.0,0.01953125,0.0,0.0
2022-03-30,0.0,0.0,0.0,0.0,0.0,0.0
2022-03-31,0.0,0.0,0.0,0.0,0.0,2.302734375
2022-04-01,0.4365234375,0.017578125,3.7509765625,3.19140625,11.8046875,20.39453125
2022-04-02,1.474609375,2.751953125,5.265625,5.4208984375,1.89453125,6.98046875
2022-04-03,0.0,0.0,1.1591796875,0.0,0.0,0.0
2022-04-04,0.0,0.0,0.0,0.0,0.0,0.0
2022-04-05,0.0,0.0,0.0,0.0,0.0,0.0
2022-04-06,0.0,0.0,0.0,0.0,0.0,0.0
2022-04-07,0.0,0.0,0.0,0.0,0.0,0.0
2022-04-08,2.9150390625,1.8759765625,0.0,0.0,0.0,0.0
2022-04-09,5.583984375,8.1982421875,5.05859375,2.5234375,0.0,0.0
2022-04-10,0.0,0.0,0.0,0.0,0.0,0.0
2022-04-11,0.0,0.0,0.0,0.0,0.0,0.0
2022-04-12,0.0,0.0,0.0,0.0,0.0,0.0
2022-04-13,0.0,0.0,0.0,0.0,0.0,0.0
2022-04-14,0.0,0.0,0.0,0.0,0.0,0.0
2022-04-15,0.0,0.0,0.0,0.0,0.0,0.0
2022-04-16,0.1875,0.40625,1.0693359375,0.7255859375,0.0,1.509765625
2022-04-17,0.0,0.2431640625,0.0,0.119140625,0.0,1.78515625
2022-04-18,0.3515625,0.443359375,4.181640625,1.8369140625,0.0,1.3212890625
2022-04-19,3.740234375,7.357421875,10.009765625,9.03125,1.498046875,22.9951171875
2022-04-20,0.0,0.0,0.0,0.0,0.0,0.0
2022-04-21,0.0,0.0,0.0,0.0,0.0,0.0
2022-04-22,0.0,0.0,0.0,0.0,0.0,0.0
2022-04-23,0.0,0.0,0.0,0.0,0.0,0.0
2022-04-24,0.0,0.0,0.0,0.0,0.0,0.0
2022-04-25,0.0,0.0,0.0,0.0,0.0,0.0
2022-04-26,0.0,0.0,0.0,0.0,0.0,0.0
2022-04-27,0.0,0.0,0.0,0.0,0.0,0.0
2022-04-28,0.0,0.0,0.0,0.0,0.0,0.0
2022-04-29,0.0,0.0,0.0,0.0,0.0,0.0
2022-04-30,0.0,0.0,0.0,0.0,0.0,0.0
2022-05-01,0.0,0.0,0.0,0.0,0.0,0.0
2022-05-02,0.0,0.0,0.0,0.0,0.0,0.0
2022-05-03,0.0,0.0,0.0,0.0,0.0,0.0
2022-05-04,0.0,0.0,0.0,0.0,0.0,0.0
2022-05-05,0.0,0.0,0.0,0.0,0.0,0.0
2022-05-06,0.0,0.0,0.0,0.0,0.0,0.0
2022-05-07,0.0,0.0,0.0,0.0,0.0,0.0
2022-05-08,0.0,0.0,0.0,0.0,0.0,0.0
2022-05-09,0.0,0.0,0.0,0.0,0.0,0.0
2022-05-10,0.0,0.0,0.0,0.0,0.0,0.0
2022-05-11,0.0,0.0,0.0,0.0,0.0,0.0
2022-05-12,0.0,0.0,0.0,0.0,0.0,0.0
2022-05-13,0.0,0.0,0.0,0.0,0.0,0.0
2022-05-14,0.0,0.0,0.0,0.0,0.0,0.0
2022-05-15,0.0,0.0,0.0,0.0,0.0,0.0
2022-05-16,0.0,0.0,0.0,0.0,0.0,0.0
2022-05-17,0.0,0.0,0.0,0.0,0.0,0.0
2022-05-18,0.0,0.0,0.0,0.0,0.0,0.0
2022-05-19,0.0,0.0,0.0,0.0,0.0,0.0
2022-05-20,0.0,0.0,0.0,0.0,0.0,0.0
2022-05-21,0.0,0.0,0.0,0.0,0.0,0.0
2022-05-22,0.0,0.0,0.0,0.0,0.0,0.0
2022-05-23,0.0,0.0,0.0,0.0,0.0,0.0
2022-05-24,0.0,0.0,0.0,0.0,0.0,0.0
2022-05-25,0.0,0.0,0.0,0.0,0.0,0.0
2022-05-26,0.0,0.0,0.0,0.0,0.0,0.0
2022-05-27,0.0,0.0,0.0,0.0,0.0,0.0
2022-05-28,0.0,0.0,0.0,0.0,0.0,0.0
2022-05-29,0.0,0.0,0.0,0.0,0.0,0.0
2022-05-30,0.0,0.0,0.0,0.0,0.0,0.0
2022-05-31,0.0,0.0,0.0,0.0,0.0,0.0
2022-06-01,0.0,0.0,0.0,0.0,0.0,0.0
2022-06-02,0.0,0.0,0.0,0.0,0.0,0.0
2022-06-03,0.0,0.0,0.0,0.0,0.0,0.0
2022-06-04,0.0,0.0,0.0,0.0,0.0,0.0
2022-06-05,0.0,0.0,0.0,0.0,0.0,0.0
2022-06-06,0.0,0.0,0.0,0.0,0.0,0.0
2022-06-07,0.0,0.0,0.0,0.0,0.0,0.0
2022-06-08,0.0,0.0,0.0,0.0,0.0,0.0
2022-06-09,0.0,0.0,0.0,0.0,0.0,0.0
2022-06-10,0.0,0.0,0.0,0.0,0.0,0.0
2022-06-11,0.0,0.0,0.0,0.0,0.0,0.0
2022-06-12,0.0,0.0,0.0,0.0,0.0,0.0
2022-06-13,0.0,0.0,0.0,0.0,0.0,0.0
2022-06-14,0.0,0.0,0.0,0.0,0.0,0.0
2022-06-15,0.0,0.0,0.0,0.0,0.0,0.0
2022-06-16,0.0,0.0,0.0,0.0,0.0,0.0
2022-06-17,0.0,0.0,0.0,0.0,0.0,0.0
2022-06-18,0.0,0.0,0.0,0.0,0.0,0.0
2022-06-19,0.0,0.0,0.0,0.0,0.0,0.0
2022-06-20,0.0,0.0,0.0,0.0,0.0,0.0
2022-06-21,0.0,0.0,0.0,0.0,0.0,0.0
2022-06-22,0.0,0.0,0.0,0.0,0.0,0.0
2022-06-23,0.0,0.0,0.0,0.0,0.0,0.0
2022-06-24,0.0,0.0,0.0,0.0,0.0,0.0
2022-06-25,0.0,0.0,0.0,0.0,0.0,0.0
2022-06-26,0.0,0.0,0.0,0.0,0.0,0.0
2022-06-27,0.0,0.0,0.0,0.0,0.0,0.0
2022-06-28,0.0,0.0,0.0,0.0,0.0,0.0
2022-06-29,0.0,0.0,0.0,0.0,0.0,0.0
2022-06-30,0.0,0.0,0.0,0.0,0.0,0.0
2022-07-01,0.0,0.0,0.0,0.0,0.0,0.0
2022-07-02,0.0,0.0,0.0,0.0,0.0,0.0
2022-07-03,0.0,0.0,0.0,0.0,0.0,0.0
2022-07-04,0.0,0.0,0.0,0.0,0.0,0.0
2022-07-05,0.0,0.0,0.0,0.0,0.0,0.0
2022-07-06,0.0,0.0,0.0,0.0,0.0,0.0
2022-07-07,0.0,0.0,0.0,0.0,0.0,0.0
2022-07-08,0.0,0.0,0.0,0.0,0.0,0.0
2022-07-09,0.0,0.0,0.0,0.0,0.0,0.0
2022-07-10,0.0,0.0,0.0,0.0,0.0,0.0
2022-07-11,0.0,0.0,0.0,0.0,0.0,0.0
2022-07-12,0.0,0.0,0.0,0.0,0.0,0.0
2022-07-13,0.0,0.0,0.0,0.0,0.0,0.0
2022-07-14,0.0,0.0,0.0,0.0,0.0,0.0
2022-07-15,0.0,0.0,0.0,0.0,0.0,0.0
2022-07-16,0.0,0.0,0.0,0.0,0.0,0.0
2022-07-17,0.0,0.0,0.0,0.0,0.0,0.0
2022-07-18,0.0,0.0,0.0,0.0,0.0,0.0
2022-07-19,0.0,0.0,0.0,0.0,0.0,0.0
2022-07-20,0.0,0.0,0.0,0.0,0.0,0.0
2022-07-21,0.0,0.0,0.0,0.0,0.0,0.0
2022-07-22,0.0,0.0,0.0,0.0,0.0,0.0
2022-07-23,0.0,0.0,0.0,0.0,0.0,0.0
2022-07-24,0.0,0.0,0.0,0.0,0.0,0.0
2022-07-25,0.0,0.0,0.0,0.0,0.0,0.0
2022-07-26,0.0,0.0,0.0,0.0,0.0,0.0
2022-07-27,0.0,0.0,0.0,0.0,0.0,0.0
2022-07-28,0.0,0.0,0.0,0.0,0.0,0.0
2022-07-29,0.0,0.0,0.0,0.0,0.0,0.0
2022-07-30,0.0,0.0,0.0,0.0,0.0,0.0
2022-07-31,0.0,0.0,0.0,0.0,0.0,0.0
2022-08-01,0.0,0.0,0.0,0.0,0.0,0.0
2022-08-02,0.0,0.0,0.0,0.0,0.0,0.0
2022-08-03,0.0,0.0,0.0,0.0,0.0,0.0
2022-08-04,0.0,0.0,0.0,0.0,0.0,0.0
2022-08-05,0.0,0.0,0.0,0.0,0.0,0.0
2022-08-06,0.0,0.0,0.0,0.0,0.0,0.0
2022-08-07,0.0,0.0,0.0,0.0,0.0,0.0
2022-08-08,0.0,0.0,0.0,0.0,0.0,0.0
2022-08-09,0.0,0.0,0.0,0.0,0.0,0.0
2022-08-10,0.0,0.0,0.0,0.0,0.0,0.0
2022-08-11,0.0,0.0,0.0,0.0,0.0,0.0
2022-08-12,0.0,0.0,0.0,0.0,0.0,0.0
2022-08-13,0.0,0.0,0.0,0.0,0.0,0.0
2022-08-14,0.0,0.0,0.0,0.0,0.0,0.0
2022-08-15,0.0,0.0,0.0,0.0,0.0,0.0
2022-08-16,0.0,0.0,0.0,0.0,0.0,0.0
2022-08-17,0.0,0.0,0.0,0.0,0.0,0.0
2022-08-18,0.0,0.0,0.0,0.0,0.0,0.0
2022-08-19,0.0,0.0,0.0,0.0,0.0,0.0
2022-08-20,0.0,0.0,0.0,0.0,0.0,0.0
2022-08-21,0.0,0.0,0.0,0.0,0.0,0.0
2022-08-22,0.0,0.0,0.0,0.0,0.0,0.0
2022-08-23,0.0,0.0,0.0,0.0,0.0,0.0
2022-08-24,0.0,0.0,0.0,0.0,0.0,0.0
2022-08-25,0.0,0.0,0.0,0.0,0.0,0.0
2022-08-26,0.0,0.0,0.0,0.0,0.0,0.0
2022-08-27,0.0,0.0,0.0,0.0,0.0,0.0
2022-08-28,0.0,0.0,0.0,0.0,0.0,0.0
2022-08-29,0.0,0.0,0.0,0.0,0.0,0.0
2022-08-30,0.0,0.0,0.0,0.0,0.0,0.0
2022-08-31,0.0,0.0,0.0,0.0,0.0,0.0
2022-09-01,0.0,0.0,0.0,0.0,0.0,0.0
2022-09-02,0.0,0.0,0.0,0.0,0.0,0.0
2022-09-03,0.0,0.0,0.0,0.0,0.0,0.0
2022-09-04,0.0,0.0,0.0,0.0,0.0,0.0
2022-09-05,0.0,0.0,0.0,0.0,0.0,0.0
2022-09-06,0.0,0.0,0.0,0.0,0.0,0.0
2022-09-07,0.0,0.0,0.0,0.0,0.0,0.0
2022-09-08,0.0,0.0,0.0,0.0,0.0,0.0
2022-09-09,0.0,0.0,0.0,0.0,0.0,0.0
2022-09-10,0.0,0.0,0.0,0.0,0.0,0.0
2022-09-11,0.0,0.0,0.0,0.0,0.0,0.0
2022-09-12,0.0,0.0,0.0,0.0,0.0,0.0
2022-09-13,0.0,0.0,0.0,0.0,0.0,0.0
2022-09-14,0.0,0.0,0.0,0.0,0.0,0.0
2022-09-15,0.0,0.0,0.0,0.0,0.0,0.0
2022-09-16,0.0,0.0,0.0,0.0,0.0,0.0
2022-09-17,0.0,0.0,0.0,0.0,0.0,0.0
2022-09-18,0.0,0.0,0.0,0.0,0.0,0.0
2022-09-19,0.0,0.0,0.0,0.0,0.0,0.0
2022-09-20,0.0,0.0,0.0,0.0,0.0,1.4189453125
2022-09-21,0.0,0.0,0.0,0.0,0.0,0.0
2022-09-22,0.0,0.0,0.0,0.0,0.0,0.0
2022-09-23,0.0,0.0,0.0,0.0,0.0,0.0
2022-09-24,0.0,0.0,0.0,0.0,0.0,0.0
2022-09-25,0.0,0.0,0.0,0.0,0.0,0.0
2022-09-26,0.0,0.0,0.0,0.0,0.0,0.0
2022-09-27,0.0,0.0,0.0,0.0,0.0,0.0
2022-09-28,0.0,0.0,0.0,0.0,0.0,0.0
2022-09-29,0.0,0.0,0.0,0.0,0.0,0.0
2022-09-30,0.0,0.0,0.0,0.0,0.0,0.0
2022-10-01,0.0,0.0,0.0,0.0,0.0,0.0
2022-10-02,0.0,0.0,0.0,0.0,0.0,0.0
2022-10-03,0.0,0.0,0.0,0.0,0.0,0.0
2022-10-04,0.0,0.0,0.0,0.0,0.0,0.0
2022-10-05,0.0,0.0,0.0,0.0,0.0,0.0
2022-10-06,0.0,0.0,0.0,0.0,0.0,0.0
2022-10-07,0.0,0.0,0.0,0.0,0.0,0.0
2022-10-08,0.0,0.0,0.0,0.0,0.0,0.0
2022-10-09,0.0,0.0,0.0,0.0,0.0,0.0
2022-10-10,0.0,0.0,0.0,0.0,0.0,0.0
2022-10-11,0.0,0.0,0.0,0.0,0.0,0.0
2022-10-12,0.0,0.0,0.0,0.0,0.0,0.0
2022-10-13,0.0,0.0,0.0,0.0,0.0,0.0
2022-10-14,0.0,0.0,0.0,0.0,0.0,0.0
2022-10-15,0.0,0.0,0.0,0.0,0.0,0.0
2022-10-16,0.0,0.0,0.0,0.0,0.0,0.0
2022-10-17,0.0,0.0,0.0,0.0,0.0,0.0
2022-10-18,0.0,0.0,0.0,0.0,0.0,0.0
2022-10-19,0.0,0.0,0.0,0.0,0.0,0.0
2022-10-20,0.0,0.0,0.0,0.0,0.0,0.0
2022-10-21,0.0,0.0,0.0,0.0,0.0,0.0
2022-10-22,0.0,0.0,0.0,0.0,0.0,0.0
2022-10-23,0.0,0.0,0.0,0.0,0.0,0.0
2022-10-24,0.0,0.0,0.0,0.0,0.0,0.0
2022-10-25,0.0,0.0,0.0,0.0,0.0,0.0
2022-10-26,0.0,0.0,0.0,0.0,0.0,0.0
2022-10-27,0.0,0.0,0.0,0.0,0.0,0.0
2022-10-28,0.0,0.0,0.0,0.0,0.0,0.0
2022-10-29,0.0,0.0,0.0,0.0,0.0,0.0
2022-10-30,0.0,0.0,0.0,0.0,0.0,0.0
2022-10-31,0.0,0.0,0.0,0.0,0.0,0.0
2022-11-01,0.0,0.0,0.0,0.0,0.0,0.0
2022-11-02,0.0,0.0,0.0,0.0,0.0,0.0
2022-11-03,0.0,0.0,0.0,0.0,0.0,0.0
2022-11-04,0.0,0.0,0.0,0.0,0.0,0.0
2022-11-05,0.0,0.0,0.0,0.0,0.0,0.0
2022-11-06,0.0,0.0,0.0,0.0,0.0,0.0
2022-11-07,0.0,0.0,0.0,0.0,0.0,0.0
2022-11-08,0.0,0.0,0.0,0.0,0.0,0.0
2022-11-09,0.0,0.0,0.0,0.0,0.0,0.0
2022-11-10,0.0,0.0,0.0,0.0,0.0,0.0
2022-11-11,0.0,0.0,0.0029296875,0.0,0.0,0.6220703125
2022-11-12,0.0,0.0,0.01953125,0.0,0.0,0.0
2022-11-13,0.0,0.0,0.0,0.0,0.0,0.0
2022-11-14,0.0,0.0,0.0,0.0,0.0,0.0
2022-11-15,0.0,0.0,0.0,0.0,0.0,0.0
2022-11-16,0.0,0.0,0.0,0.0,0.0,0.0
2022-11-17,0.0,0.0,0.0,0.0,0.0,0.0
2022-11-18,0.0,0.0,0.0,0.0,0.0,0.0
2022-11-19,0.1240234375,0.5947265625,0.0,0.0,0.0,0.0
2022-11-20,1.7421875,5.9833984375,0.3291015625,2.66796875,0.0,1.548828125
2022-11-21,0.0,0.0,0.0,0.0,0.0,33.9697265625
2022-11-22,0.0,0.0,0.10546875,0.0,0.0,3.1826171875
2022-11-23,0.0,0.505859375,0.615234375,0.5830078125,0.0,0.1884765625
2022-11-24,0.0,0.0,0.0,0.0,0.0,0.0
2022-11-25,0.2626953125,0.525390625,0.7841796875,0.265625,0.0,0.625
2022-11-26,1.751953125,4.8515625,5.1572265625,3.794921875,0.8369140625,4.404296875
2022-11-27,0.0,0.0,0.08984375,0.08984375,0.0,0.193359375
2022-11-28,0.0,0.0,0.0029296875,0.001953125,0.0,0.0
2022-11-29,0.1591796875,0.5712890625,1.9609375,1.16015625,0.0,5.115234375
2022-11-30,1.443359375,2.2880859375,1.9833984375,2.380859375,0.0,6.1865234375
2022-12-01,0.0,0.0,0.0,0.0,0.0,0.0
2022-12-02,0.0,0.0,0.0,0.0,0.0,2.15625
2022-12-03,0.0,0.0,0.0,0.0,0.0,0.0
2022-12-04,0.0,0.0,0.0,0.0,0.0,0.0
2022-12-05,0.0,0.0,0.0,0.0,0.0,0.0
2022-12-06,0.0,0.0,0.0,0.0,0.0,0.0
2022-12-07,0.0,0.0,0.0,0.0,0.0,0.0
2022-12-08,0.0,0.0,0.0,0.0,0.0,0.0
2022-12-09,0.0,0.0,0.0,0.0,0.0,0.0
2022-12-10,2.9384765625,5.4111328125,1.7919921875,1.2109375,0.0,0.0
2022-12-11,1.42578125,2.2294921875,1.30078125,0.9423828125,0.138671875,3.55078125
2022-12-12,0.0,0.0,0.3203125,0.0888671875,0.0,0.4248046875
2022-12-13,0.255859375,0.927734375,0.7939453125,0.0,0.0,15.64453125
2022-12-14,0.0,0.0,0.0,0.0,0.0,0.0
2022-12-15,0.0,0.0,0.0,0.0,0.0,0.0
2022-12-16,0.02734375,0.267578125,0.0,0.0,0.0,0.0
2022-12-17,0.02734375,0.1552734375,0.0322265625,0.005859375,0.0,0.0
2022-12-18,0.0,0.0,0.0078125,0.0,0.0,0.0
2022-12-19,0.0,0.0,0.0,0.0,0.0,0.0
2022-12-20,0.0,0.0,0.0,0.0,0.0,0.0
2022-12-21,0.0,0.0,0.0,0.0,0.0,0.0
2022-12-22,0.0,0.0,0.0,0.0,0.0,0.0
2022-12-23,0.0,0.0,0.0,0.0,0.0,0.0
2022-12-24,0.0,0.0,0.0,0.0009765625,0.0,0.0
2022-12-25,0.0,0.0,0.0,0.0,0.0,0.0
2022-12-26,0.0,0.0,0.0,0.0,0.0,0.0
2022-12-27,0.0,0.0,0.0,0.0283203125,0.0,0.0
2022-12-28,0.0,0.0,0.0,0.0,0.0,0.0
2022-12-29,0.0,0.0,0.0,0.0,0.0,0.0
2022-12-30,0.0,0.0,0.0,0.0,0.0,0.0
2022-12-31,0.0,0.0,0.0,0.0,0.0,0.0
2023-01-01,0.0,0.0,0.0,0.0,0.0,0.0
2023-01-02,0.0,0.0,0.0,0.0,0.0,0.0
2023-01-03,0.0,0.0,0.0,0.0,0.0,0.0
2023-01-04,0.0009765625,0.0,0.0,0.0,0.0,0.0
2023-01-05,0.0,0.0,0.0,0.0,0.0,0.0
2023-01-06,0.0,0.0,0.0,0.0,0.0,0.0
2023-01-07,0.0,0.0,0.0,0.0,0.0,0.0
2023-01-08,0.0,0.1416015625,7.548828125,5.0986328125,0.0,37.7373046875
2023-01-09,13.458984375,25.28125,7.8994140625,5.9697265625,0.2275390625,1.7919921875
2023-01-10,7.091796875,18.1748046875,3.193359375,5.876953125,0.1005859375,2.126953125
2023-01-11,0.0,0.2666015625,0.15234375,0.1513671875,0.0,0.0810546875
2023-01-12,0.0,0.0,0.0,0.0,0.0,0.041015625
2023-01-13,0.0,1.658203125,0.560546875,0.8154296875,0.0,0.6484375
2023-01-14,0.0,0.0,0.0,0.0,0.0,0.0
2023-01-15,0.0,0.0,10.626953125,0.0703125,0.267578125,34.2578125
2023-01-16,0.0,0.0,2.984375,0.9208984375,0.0,44.458984375
2023-01-17,1.185546875,0.0,4.1259765625,7.16015625,0.0,26.859375
2023-01-18,1.173828125,1.6884765625,11.3564453125,9.087890625,0.0,28.474609375
2023-01-19,3.1708984375,6.6728515625,5.208984375,4.154296875,8.580078125,8.56640625
2023-01-20,2.474609375,3.15234375,13.7783203125,11.421875,23.5771484375,32.912109375
2023-01-21,0.6142578125,0.2158203125,5.986328125,1.58984375,7.146484375,9.1650390625
2023-01-22,0.2548828125,5.806640625,14.111328125,10.6279296875,13.3544921875,26.796875
2023-01-23,0.0,2.4482421875,1.689453125,1.58203125,0.0,1.5380859375
2023-01-24,0.0947265625,0.2880859375,0.279296875,0.0,0.0,0.0
2023-01-25,2.1806640625,3.123046875,2.79296875,3.857421875,0.0,3.609375
2023-01-26,3.8310546875,4.2900390625,4.6669921875,4.8857421875,6.322265625,4.61328125
2023-01-27,0.8349609375,1.7080078125,0.873046875,0.74609375,0.0,0.1533203125
2023-01-28,0.4599609375,1.3369140625,0.5009765625,0.423828125,0.0,0.0
2023-01-29,0.0732421875,0.294921875,0.0,0.0,0.0,0.0
2023-01-30,3.228515625,4.56640625,2.357421875,2.5625,0.0,0.5703125
2023-01-31,0.0,0.1396484375,0.03515625,0.0,0.0,0.048828125
2023-02-01,1.697265625,4.708984375,2.0341796875,1.3603515625,0.0,1.6923828125
2023-02-02,1.888671875,3.2626953125,3.3271484375,3.0810546875,0.3212890625,2.6611328125
2023-02-03,13.064453125,15.2939453125,9.6103515625,8.7939453125,0.0166015625,6.0576171875
2023-02-04,2.435546875,4.138671875,2.1943359375,2.208984375,0.0,0.484375
2023-02-05,0.9404296875,2.009765625,1.61328125,0.830078125,0.0,0.0732421875
2023-02-06,0.0244140625,0.3212890625,0.6552734375,0.2373046875,0.0,0.0
2023-02-07,0.3544921875,0.9111328125,0.705078125,0.4794921875,0.0,0.1875
2023-02-08,0.0,0.0,0.0234375,0.0,0.0,0.0
2023-02-09,0.0,0.0,0.0,0.0,0.0,0.00390625
2023-02-10,0.0,0.0,0.0,0.0,0.0,0.0146484375
2023-02-11,1.3603515625,2.80078125,1.869140625,1.390625,0.0,0.6630859375
2023-02-12,0.0,0.0,0.0,0.0,0.0,0.0
2023-02-13,0.0,0.6494140625,0.1943359375,0.33203125,0.0,0.0
2023-02-14,0.0,0.0,0.0,0.0,0.0,0.0
2023-02-15,0.0,0.0,0.0,0.0,0.0,0.0
2023-02-16,0.0,0.0,0.0,0.0,0.0,0.0
2023-02-17,0.0,0.0,0.0,0.0,0.0,0.0
2023-02-18,0.0,0.0,0.0,0.0,0.0,0.0
2023-02-19,0.0,0.0,0.0,0.0,0.0,0.0
2023-02-20,0.0,0.0,0.0,0.0,0.0,0.0
2023-02-21,0.0,0.0,0.0,0.0,0.0,0.0
2023-02-22,0.0,0.0,0.0,0.0,0.0,0.0
2023-02-23,0.0,0.0,0.0,0.0,0.0,0.0
2023-02-24,0.0,0.0,0.0,0.0,0.0,0.0
2023-02-25,20.3681640625,11.0205078125,2.5595703125,1.3232421875,0.0,5.1845703125
2023-02-26,2.0048828125,2.6318359375,2.4296875,2.6943359375,0.0,6.537109375
2023-02-27,0.0,0.0,0.0,0.0,0.0,0.3642578125
2023-02-28,0.0,0.0,0.0,0.0,0.0,0.0
2023-03-01,0.0,0.0,0.0,0.0,0.0,0.0
2023-03-02,0.0,0.0,0.0,0.232421875,0.0,2.0068359375
2023-03-03,0.0,0.0,1.8134765625,0.6669921875,0.0,3.0341796875
2023-03-04,0.0,0.0,0.0,0.2958984375,0.0,0.0
2023-03-05,0.0,0.0,0.0,0.0,0.0,4.4296875
2023-03-06,0.0,0.0,0.0,0.0,0.0,0.0
2023-03-07,0.0,0.0,0.0,0.0,0.0,0.0
2023-03-08,0.0,0.0,0.0,0.0,0.0,0.0
2023-03-09,0.0,0.0,0.0,0.0,0.0,0.0
2023-03-10,0.0869140625,1.0,0.0,0.2841796875,0.0,0.0
2023-03-11,0.0,0.0087890625,0.0,0.0,0.0,0.0
2023-03-12,0.0,0.0,0.0,0.0,0.0,0.0
2023-03-13,0.486328125,0.0,0.0,0.2470703125,0.0,0.0
2023-03-14,8.1826171875,13.263671875,6.4755859375,7.2900390625,4.341796875,10.2158203125
2023-03-15,0.0,1.3056640625,0.0,0.53125,0.0,0.0
2023-03-16,0.0,0.0,0.0,0.0,0.0,0.0
2023-03-17,0.0,0.0,0.0,0.0,0.0,0.0
2023-03-18,0.0,0.0,0.0,0.0,0.0,0.05078125
2023-03-19,0.0,0.0,0.0,0.0,0.0,0.0
2023-03-20,0.0,0.0,0.0,0.0,0.0,4.5390625
2023-03-21,0.0,0.0,0.0,0.0,0.0,0.0
2023-03-22,0.0,0.0,0.0,0.0,0.0,0.0
2023-03-23,0.0,0.0,0.0,0.0,0.0,0.0
2023-03-24,0.0,0.0,0.0,0.0,0.0,0.0
2023-03-25,0.0,0.0,0.0,0.0,0.0,0.0
2023-03-26,0.658203125,2.970703125,3.9453125,5.0751953125,0.0,17.3857421875
2023-03-27,2.30859375,3.1435546875,1.3193359375,1.2041015625,0.0,0.0
2023-03-28,0.0,0.0,0.0,0.0,0.0,0.0
2023-03-29,0.0,0.0,0.0,0.0,0.0,0.076171875
2023-03-30,0.0,0.0,0.0,0.0,0.0,0.0
2023-03-31,0.0,0.0009765625,0.0,0.658203125,0.0,0.0
2023-04-01,0.0,0.0439453125,0.0,0.0,0.0,0.0
2023-04-02,5.55859375,14.576171875,7.15234375,6.3720703125,2.2529296875,8.7529296875
2023-04-03,21.322265625,29.5673828125,12.5810546875,15.8408203125,2.5712890625,5.7353515625
2023-04-04,1.64453125,2.3193359375,1.8271484375,0.6044921875,0.0,3.4501953125
2023-04-05,0.0,0.75390625,0.0,0.0439453125,0.0,0.0
2023-04-06,0.0,0.0,0.0,0.0,0.0,0.0625
2023-04-07,0.0,0.0,0.0,0.0,0.0,0.4384765625
2023-04-08,0.0,0.0,0.0,0.0,0.0,6.353515625
2023-04-09,0.0,0.0,2.2578125,1.001953125,0.0,5.333984375
2023-04-10,0.0,0.0,0.0,0.0,0.0,0.0
2023-04-11,0.0,0.0,0.0,0.0,0.0,0.0
2023-04-12,0.0,0.0,0.0,0.0,0.0,0.0
2023-04-13,0.0,0.0,2.4306640625,0.3740234375,0.0,13.1982421875
2023-04-14,0.0,0.0,0.0,0.0,0.0,0.0
2023-04-15,0.0,0.0,0.0,0.0,0.0,0.0
2023-04-16,0.0,0.0,0.0,0.0,0.0,0.0
2023-04-17,0.0,0.0,0.0,0.0,0.0,0.0
2023-04-18,0.0,0.0,0.0,0.0087890625,0.0,0.0
2023-04-19,0.0,0.0,0.0,0.0,0.0,0.0
2023-04-20,0.0,0.0,0.0,0.0,0.0,0.0
2023-04-21,0.0,0.0,0.0,0.0,0.0,0.0
2023-04-22,0.0,0.0,0.0,0.0,0.0,0.0
2023-04-23,0.0,0.0,0.0,0.0,0.0,0.0
2023-04-24,0.0,0.0205078125,0.0009765625,0.0,0.0,0.0
2023-04-25,0.0,0.0,3.015625,0.0,0.0,2.6240234375
2023-04-26,0.0,0.0,0.0,0.0,0.0,0.0
2023-04-27,0.0,0.0,0.0,0.0,0.0,0.0
2023-04-28,0.0,0.0,0.0,0.0,0.0,0.0
2023-04-29,0.0,0.0,0.0,0.0,0.0,0.0
2023-04-30,0.0,0.0,0.0,0.0,0.0,0.0
2023-05-01,0.0,0.0,0.0,0.0,0.0,0.0
2023-05-02,0.0,0.0,0.0,0.0,0.0,0.0
2023-05-03,0.0,0.0,0.0,0.0,0.0,0.0
2023-05-04,0.0,0.0,0.0,0.0,0.0,0.0
2023-05-05,0.0,0.0,0.0,0.0,0.0,0.0
2023-05-06,0.0,0.0,0.0,0.0,0.0,0.0
2023-05-07,0.0,0.0,0.0,0.0,0.0,0.0
2023-05-08,0.0,0.0,0.0,0.0,0.0,0.0
2023-05-09,0.0,0.0,0.0,0.0,0.0,0.0
2023-05-10,0.0,0.0,0.0,0.0,0.0,0.0
2023-05-11,0.0,0.0,0.0,0.0,0.0,0.0
2023-05-12,0.0,0.0,0.0,0.0,0.0,0.0
2023-05-13,0.0,0.0,0.0,0.0,0.0,0.0
2023-05-14,0.0,0.0,0.0,0.0,0.0,0.0
2023-05-15,0.0,0.0,0.0,0.0,0.0,0.0
2023-05-16,0.0,0.0,0.0,0.0,0.0,0.0
2023-05-17,0.0,0.0,0.0,0.0,0.0,0.0
2023-05-18,0.0,0.0,0.0,0.0,0.0,0.0
2023-05-19,0.0,0.0,0.0,0.0,0.0,0.0
2023-05-20,0.0,0.0,0.0,0.0,0.0,0.0
2023-05-21,0.0,0.0,0.0,0.0,0.0,0.0
2023-05-22,0.0,0.0,0.0,0.0,0.0,0.0
2023-05-23,0.0,0.0,0.0,0.0,0.0,0.0
2023-05-24,0.0,0.0,0.0,0.0,0.0,0.0
2023-05-25,0.0,0.0,0.0,0.0,0.0,0.0
2023-05-26,0.0,0.0,0.0,0.0,0.0,0.0
2023-05-27,0.0,0.0,0.0,0.0,0.0,0.0
2023-05-28,0.0,0.0,0.0,0.0,0.0,0.0
2023-05-29,0.0,0.0,0.0,0.0,0.0,0.0
2023-05-30,0.0,0.0,0.0,0.0,0.0,0.0
2023-05-31,0.0,0.0,0.0,0.0,0.0,0.0
2023-06-01,0.0,0.0,0.0,0.0,0.0,0.0
2023-06-02,0.0,0.0,0.0,0.0,0.0,0.0
2023-06-03,0.0,0.0,0.0,0.0,0.0,0.0
2023-06-04,0.0,0.0,0.0,0.0,0.0,0.0
2023-06-05,0.0,0.0,0.0,0.0,0.0,0.0
2023-06-06,0.0,0.0,0.0,0.0,0.0,0.0
2023-06-07,0.0,0.0,0.0,0.0,0.0,0.0
2023-06-08,0.0,0.0,0.0,0.0,0.0,0.0
2023-06-09,0.0,0.0,0.0,0.0,0.0,0.0
2023-06-10,0.0,0.0,0.0,0.0,0.0,0.0
2023-06-11,0.0,0.0,0.0,0.0,0.0,0.0
2023-06-12,0.0,0.0,0.0,0.0,0.0,0.0
2023-06-13,0.0,0.0,0.0,0.0,0.0,0.0
2023-06-14,0.0,0.0,0.0,0.0,0.0,0.0
2023-06-15,0.0,0.0,0.0,0.0,0.0,0.0
2023-06-16,0.0,0.0,0.0,0.0,0.0,0.0
2023-06-17,0.0,0.0,0.0,0.0,0.0,0.0
2023-06-18,0.0,0.0,0.0,0.0,0.0,0.0
2023-06-19,0.0,0.0,0.0,0.0,0.0,0.0
2023-06-20,0.0,0.0,0.0,0.0,0.0,0.0
2023-06-21,0.0,0.0,0.0,0.0,0.0,0.0
2023-06-22,0.0,0.0,0.0,0.0,0.0,0.0
2023-06-23,0.0,0.0,0.0,0.0,0.0,0.0
2023-06-24,0.0,0.0,0.0,0.0,0.0,0.0
2023-06-25,0.0,0.0,0.0,0.0,0.0,0.0
2023-06-26,0.0,0.0,0.0,0.0,0.0,0.0
2023-06-27,0.0,0.0,0.0,0.0,0.0,0.0
2023-06-28,0.0,0.0,0.0,0.0,0.0,0.0
2023-06-29,0.0,0.0,0.0,0.0,0.0,0.0
2023-06-30,0.0,0.0,0.0,0.0,0.0,0.0
2023-07-01,0.0,0.0,0.0,0.0,0.0,0.0
2023-07-02,0.0,0.0,0.0,0.0,0.0,0.0
2023-07-03,0.0,0.0,0.0,0.0,0.0,0.0
2023-07-04,0.0,0.0,0.0,0.0,0.0,0.0
2023-07-05,0.0,0.0,0.0,0.0,0.0,0.0
2023-07-06,0.0,0.0,0.0,0.0,0.0,0.0
2023-07-07,0.0,0.0,0.0,0.0,0.0,0.0
2023-07-08,0.0,0.0,0.0,0.0,0.0,0.0
2023-07-09,0.0,0.0,0.0,0.0,0.0,0.0
2023-07-10,0.0,0.0,0.0,0.0,0.0,0.0
2023-07-11,0.0,0.0,0.0,0.0,0.0,0.0
2023-07-12,0.0,0.0,0.0,0.0,0.0,0.0
2023-07-13,0.0,0.0,0.0,0.0,0.0,0.0
2023-07-14,0.0,0.0,0.0,0.0,0.0,0.0
2023-07-15,0.0,0.0,0.0,0.0,0.0,0.0
2023-07-16,0.0,0.0,0.0,0.0,0.0,0.0
2023-07-17,0.0,0.0,0.0,0.0,0.0,0.0
2023-07-18,0.0,0.0,0.0,0.0,0.0,0.0
2023-07-19,0.0,0.0,0.0,0.0,0.0,0.0
2023-07-20,0.0,0.0,0.0,0.0,0.0,0.0
2023-07-21,0.0,0.0,0.0,0.0,0.0,0.0
2023-07-22,0.0,0.0,0.0,0.0,0.0,0.0
2023-07-23,0.0,0.0,0.0,0.0,0.0,0.0
2023-07-24,0.0,0.0,0.0,0.0,0.0,0.0
2023-07-25,0.0,0.0,0.0,0.0,0.0,0.0
2023-07-26,0.0,0.0,0.0,0.0,0.0,0.0
2023-07-27,0.0,0.0,0.0,0.0,0.0,0.0
2023-07-28,0.0,0.0,0.0,0.0,0.0,0.0
2023-07-29,0.0,0.0,0.0,0.0,0.0,0.0
2023-07-30,0.0,0.0,0.0,0.0,0.0,0.0
2023-07-31,0.0,0.0,0.0,0.0,0.0,0.0
2023-08-01,0.0,0.0,0.0,0.0,0.0,0.0
2023-08-02,0.0,0.0,0.0,0.0,0.0,0.0
2023-08-03,0.0,0.0,0.0,0.0,0.0,0.0
2023-08-04,0.0,0.0,0.0,0.0,0.0,0.0
2023-08-05,0.0,0.0,0.0,0.0,0.0,0.0
2023-08-06,0.0,0.0,0.0,0.0,0.0,0.0
2023-08-07,0.0,0.0,0.0,0.0,0.0,0.0
2023-08-08,0.0,0.0,0.0,0.0,0.0,0.0
2023-08-09,0.0,0.0,0.0,0.0,0.0,0.0
2023-08-10,0.0,0.0,0.0,0.0,0.0,0.0
2023-08-11,0.0,0.0,0.0,0.0,0.0,0.0
2023-08-12,0.0,0.0,0.0,0.0,0.0,0.0
2023-08-13,0.0,0.0,0.0,0.0,0.0,0.0
2023-08-14,0.0,0.0,0.0,0.0,0.0,0.0
2023-08-15,0.0,0.0,0.0,0.0,0.0,0.0
2023-08-16,0.0,0.0,0.0,0.0,0.0,0.0
2023-08-17,0.0,0.0,0.0,0.0,0.0,0.0
2023-08-18,0.0,0.0,0.0,0.0,0.0,0.0
2023-08-19,0.0,0.0,0.0,0.0,0.0,0.0
2023-08-20,0.0,0.0,0.0,0.0,0.0,0.0
2023-08-21,0.0,0.0,0.0,0.0,0.0,0.0
2023-08-22,0.0,0.0,0.0,0.0,0.0,0.0
2023-08-23,0.0,0.0,0.0,0.0,0.0,0.0
2023-08-24,0.0,0.0,0.0,0.0,0.0,0.0
2023-08-25,0.0,0.0,0.0,0.0,0.0,0.0
2023-08-26,0.0,0.0,0.0,0.0,0.0,0.0
2023-08-27,0.0,0.0,0.0,0.0,0.0,0.0
2023-08-28,0.0,0.0,0.0,0.0,0.0,0.0
2023-08-29,0.0,0.0,0.0,0.0,0.0,0.0
2023-08-30,0.0,0.0,0.0,0.0,0.0,0.0
2023-08-31,0.0,0.0,0.0,0.0,0.0,0.0
2023-09-01,0.0,0.0,0.0,0.0,0.0,0.0
2023-09-02,0.0,0.0,0.0,0.0,0.0,0.0
2023-09-03,0.0,0.0,0.0,0.0,0.0,0.0
2023-09-04,0.0,0.0,0.0,0.0,0.0,0.0
2023-09-05,0.0,0.0,0.0,0.0,0.0,0.0
2023-09-06,0.0,0.0,0.0,0.0,0.0,0.0
2023-09-07,0.0,0.0,0.0,0.0,0.0,0.0
2023-09-08,0.0,0.0,0.0,0.0,0.0,0.0
2023-09-09,0.0,0.0,0.0,0.0,0.0,0.0
2023-09-10,0.0,0.0,0.0,0.0,0.0,0.0
2023-09-11,0.0,0.0,0.0,0.0,0.0,0.0
2023-09-12,0.0,0.0,0.0,0.0,0.0,0.0
2023-09-13,0.0,0.0,0.0,0.0,0.0,0.0
2023-09-14,0.0,0.0,0.0,0.0,0.0,0.0
2023-09-15,0.0,0.0,0.0,0.0,0.0,0.0
2023-09-16,0.0,0.0,0.0,0.0,0.0,0.0
2023-09-17,0.0,0.0,0.0,0.0,0.0,0.0
2023-09-18,0.0,0.0,0.0,0.0,0.0,0.0
2023-09-19,0.0,0.0,0.0,0.0,0.0,0.0
2023-09-20,0.0,0.0,0.0,0.0,0.0,0.0
2023-09-21,0.0,0.0,0.0,0.0,0.0,0.0
2023-09-22,0.0,0.0,0.0,0.0,0.0,0.0
2023-09-23,0.0,0.0,0.0,0.0,0.0,0.0
2023-09-24,0.0,0.0,0.0,0.0,0.0,0.0
2023-09-25,0.0,0.0,0.0,0.0,0.0,0.0
2023-09-26,0.0,0.0,0.0,0.0,0.0,0.0
2023-09-27,0.0,0.0,0.0,0.0,0.0,0.0
2023-09-28,0.0,0.0,0.0,0.0,0.0,0.0
2023-09-29,0.0,0.0,0.0,0.0,0.0,0.0
2023-09-30,0.0,0.0,0.0,0.0,0.0,0.0
2023-10-01,0.0,0.0,0.0,0.0,0.0,0.0
2023-10-02,0.0,0.0,0.0,0.0,0.0,0.0
2023-10-03,0.0,0.0,0.0,0.0,0.0,0.0
2023-10-04,0.0,0.0,0.0,0.0,0.0,0.0
2023-10-05,0.0,0.0,0.0,0.0,0.0,0.0
2023-10-06,0.0,0.0,0.0,0.0,0.0,0.0
2023-10-07,0.0,0.0,0.0,0.0,0.0,0.0
2023-10-08,0.0,0.0,0.0,0.0,0.0,0.0
2023-10-09,0.0,0.0,0.0,0.0,0.0,0.0
2023-10-10,0.0,0.0,0.0,0.0,0.0,0.0
2023-10-11,0.0,0.0,0.0,0.0,0.0,0.0
2023-10-12,0.0,0.0,0.0,0.0,0.0,0.0
2023-10-13,0.0,0.0,0.0,0.0,0.0,0.0
2023-10-14,0.0,0.0,0.0,0.0,0.0,0.0
2023-10-15,0.0,0.0,0.013671875,0.0,0.0,0.0
2023-10-16,0.0,0.0,0.0,0.0,0.0,0.0
2023-10-17,0.0,0.0,0.0,0.0,0.0,0.0
2023-10-18,0.0,0.0,0.0,0.0,0.0,0.0
2023-10-19,0.0,0.0,0.0,0.0,0.0,0.0
2023-10-20,0.0,0.0,0.0,0.0,0.0,0.0
2023-10-21,0.0,0.0,0.0,0.0,0.0,0.0
2023-10-22,0.0,0.0,0.0,0.0,0.0,0.0
2023-10-23,0.0,0.0,0.0,0.0,0.0,0.0
2023-10-24,0.0,0.0,0.0,0.0,0.0,0.0
2023-10-25,0.0,0.0,0.0,0.0,0.0,0.0
2023-10-26,0.0,0.0,0.0,0.0,0.0,0.0
2023-10-27,0.0,0.0,0.0,0.0,0.0,0.0
2023-10-28,0.0,0.0,0.0,0.0,0.0,0.0
2023-10-29,0.0,0.0,0.0,0.0,0.0,0.0
2023-10-30,0.0,0.0,0.0,0.0,0.0,0.0
2023-10-31,0.0,0.0,0.0,0.0,0.0,0.0
2023-11-01,0.0,0.0,0.0,0.0,0.0,0.0
2023-11-02,0.0,0.0,0.0,0.0,0.0,0.0
2023-11-03,0.0,0.0,0.0,0.0,0.0,0.015625
2023-11-04,0.0,0.0,0.0,0.0,0.0,0.0
2023-11-05,0.0,0.0,0.0,0.0,0.0,0.0
2023-11-06,0.0,0.0,0.0,0.0,0.0,0.0
2023-11-07,0.0,0.0,0.0,0.00390625,0.0,0.0
2023-11-08,0.0,0.0,0.0,0.0,0.0,0.0
2023-11-09,0.0,0.0,0.0,0.0,0.041015625,3.1337890625
2023-11-10,3.1611328125,1.5634765625,1.115234375,0.056640625,0.3408203125,16.4912109375
2023-11-11,0.00390625,0.0,0.0,0.0185546875,0.2236328125,0.853515625
2023-11-12,0.0,0.0,0.0,0.0,0.0,0.0
2023-11-13,0.0,0.0,0.0,0.0,0.0,0.0
2023-11-14,0.0,0.0,0.294921875,0.0,0.0,0.0
2023-11-15,0.0,0.0,0.0,0.0,0.0,0.0
2023-11-16,0.8203125,2.857421875,0.0,0.2265625,0.0,0.0
2023-11-17,1.0712890625,4.568359375,2.03125,1.326171875,0.041015625,0.822265625
2023-11-18,0.0,0.0,0.0,0.0,0.0,0.0
2023-11-19,0.0,0.0,0.0,0.0,0.0,0.0
2023-11-20,0.0,0.0,0.0,0.0,0.00390625,1.619140625
2023-11-21,0.0,0.3271484375,4.84765625,0.0771484375,0.0,0.0
2023-11-22,0.0,0.0,0.0,0.0,0.0,0.0
2023-11-23,3.2802734375,6.3466796875,0.0,0.0,0.0,3.662109375
2023-11-24,11.0234375,17.9638671875,15.3701171875,13.384765625,8.1494140625,30.6923828125
2023-11-25,0.1572265625,1.125,0.7177734375,0.0,0.0,1.001953125
2023-11-26,0.0,0.0,1.1708984375,0.0,4.6416015625,4.3037109375
2023-11-27,0.0,0.0,24.759765625,0.0,3.2177734375,50.115234375
2023-11-28,2.8515625,0.91015625,0.283203125,0.9853515625,0.0,0.0
2023-11-29,0.0,0.0,0.0,0.0,0.0,0.0
2023-11-30,0.0,0.0,0.0,0.0,0.0,0.0
2023-12-01,0.0,0.0,0.0,0.0,0.0,0.0
2023-12-02,3.4091796875,2.5546875,1.2841796875,0.49609375,0.51171875,0.3486328125
2023-12-03,0.0,0.0,0.0,0.001953125,0.0,0.0
2023-12-04,0.0,0.0263671875,0.5732421875,0.3583984375,0.16796875,0.537109375
2023-12-05,0.943359375,0.8916015625,3.19140625,0.599609375,2.2373046875,2.609375
2023-12-06,2.40234375,2.9052734375,2.3154296875,3.0029296875,0.8359375,4.2861328125
2023-12-07,0.1181640625,0.259765625,0.0751953125,0.0966796875,0.0,0.0
2023-12-08,0.0,0.0,0.0,0.0,0.0,0.0
2023-12-09,4.001953125,4.2255859375,8.0751953125,2.658203125,6.3017578125,5.412109375
2023-12-10,0.03515625,0.0,1.107421875,0.2470703125,0.3818359375,0.3896484375
2023-12-11,0.0,0.0,0.0,0.0,0.0,1.9580078125
2023-12-12,0.0,0.0,0.0,0.0,0.0,0.0
2023-12-13,0.0,2.4150390625,15.796875,15.8720703125,1.6015625,18.6552734375
2023-12-14,1.609375,7.1630859375,4.6572265625,2.068359375,0.1025390625,0.0
2023-12-15,0.599609375,2.09375,1.7314453125,1.4541015625,1.3603515625,2.58984375
2023-12-16,0.013671875,0.0,0.0,0.0,0.0,0.0
2023-12-17,0.0,0.0,0.0,0.0,0.0,0.0
2023-12-18,0.0,0.0,0.0,0.0,0.0,0.0
2023-12-19,0.0439453125,0.12890625,0.0,0.0,0.0,0.0
2023-12-20,0.625,0.521484375,0.8642578125,0.693359375,0.10546875,0.5048828125
2023-12-21,1.7978515625,6.8173828125,7.294921875,7.0458984375,2.2041015625,7.8232421875
2023-12-22,0.494140625,7.19140625,0.0,0.0,0.0,0.0
2023-12-23,0.0,0.0,0.0,0.0,0.0,0.0
2023-12-24,0.0,0.0,0.0,0.0,0.0,0.0
2023-12-25,0.0,0.0,0.0,0.0,0.0,0.0
2023-12-26,0.001953125,0.0,0.0,0.0,0.0,0.0
2023-12-27,0.0,0.0,0.0,0.0,0.0,0.0
2023-12-28,0.0,0.0009765625,0.0,0.0,0.0,0.0
2023-12-29,0.001953125,0.005859375,0.0,0.0,0.0,0.0
2023-12-30,0.001953125,0.0029296875,0.0,0.0,0.0,0.0
2023-12-31,0.0,0.0,0.0,0.0986328125,0.0,0.0
2024-01-01,0.0224609375,1.1669921875,0.580078125,0.0869140625,0.0986328125,6.9521484375
2024-01-02,0.0,0.0,0.0,0.0,0.0,1.1220703125
2024-01-03,0.0,0.0,0.0,0.0,0.0,0.0
2024-01-04,0.0,0.0,0.0,0.0,0.0,0.0
2024-01-05,0.0,0.12890625,0.0,0.3681640625,0.2470703125,0.3115234375
2024-01-06,0.1630859375,1.296875,0.4951171875,0.1650390625,5.7666015625,9.6318359375
2024-01-07,4.39453125,2.9267578125,0.7421875,0.5205078125,1.7568359375,5.484375
2024-01-08,0.3603515625,0.990234375,0.333984375,0.2392578125,0.0,0.08984375
2024-01-09,0.0,0.0,0.0,0.0,0.0,0.0
2024-01-10,0.0,0.0,0.0,0.0,0.0,0.0
2024-01-11,0.04296875,0.255859375,0.140625,0.0771484375,0.0,0.0
2024-01-12,0.0,0.0,0.0,0.0283203125,0.0,0.0
2024-01-13,0.0,0.0,0.0,0.0,0.119140625,0.0
2024-01-14,0.0,0.0,2.2216796875,0.0,4.115234375,23.3818359375
2024-01-15,1.3701171875,1.265625,0.34375,0.455078125,0.0,0.875
2024-01-16,0.0,0.0,0.0,0.0,0.0,1.009765625
2024-01-17,0.0,0.0,0.0,0.0,0.0,0.0
2024-01-18,4.583984375,4.486328125,6.708984375,6.25390625,0.0,0.0
2024-01-19,2.3486328125,3.2578125,8.6328125,8.533203125,11.19140625,20.3408203125
2024-01-20,0.0,0.0,0.0,0.0,0.0,0.0
2024-01-21,0.0,0.0,0.0,0.0,0.0,0.0
2024-01-22,0.880859375,1.474609375,0.8310546875,0.1748046875,0.0,0.119140625
2024-01-23,0.0,0.0,0.0,0.0,0.0,0.0
2024-01-24,0.0,0.0,0.0,0.0,0.0,0.0
2024-01-25,0.0,0.0,0.0,0.0,0.0,0.0
2024-01-26,0.34375,2.4892578125,1.39453125,1.6474609375,0.0,0.79296875
2024-01-27,0.5615234375,2.3388671875,1.4365234375,1.638671875,0.0,0.916015625
2024-01-28,0.087890625,0.7783203125,0.12109375,0.1455078125,0.0,0.0
2024-01-29,0.0,0.0,0.0,0.0,0.0,0.0
2024-01-30,0.0,0.0,0.0,0.0,0.0,0.0
2024-01-31,0.0009765625,0.001953125,0.0,0.0,0.0,0.0
2024-02-01,0.3857421875,1.3505859375,0.3291015625,0.478515625,0.0,0.0
2024-02-02,0.0,0.0,0.0,0.0,0.0,0.0
2024-02-03,0.0009765625,0.0,0.0,0.0,0.0,0.0
2024-02-04,0.0,0.0,0.0,0.0,0.0,0.0
2024-02-05,0.0,0.0,0.0,0.0,0.0,0.0
2024-02-06,0.0,0.0,0.0,0.0,0.0,0.0
2024-02-07,0.0,0.0,0.0,0.0,0.0,0.0
2024-02-08,0.0,0.0,0.0,0.0,0.0,0.0
2024-02-09,0.0,0.0,0.0,0.0,0.0,0.0
2024-02-10,0.0,0.0,5.890625,0.0,2.392578125,16.564453125
2024-02-11,0.1875,0.02734375,0.0,0.0,0.2666015625,1.69140625
2024-02-12,0.71484375,2.029296875,3.4033203125,2.9482421875,0.0,1.3125
2024-02-13,0.3369140625,0.576171875,0.498046875,0.970703125,0.0,0.0732421875
2024-02-14,0.0,0.0,0.0,0.0,0.0,0.0
2024-02-15,0.0,0.0,0.0,0.0,0.0,0.0
2024-02-16,0.0,0.0,0.0,0.0,0.0,0.0
2024-02-17,0.0,0.0,0.0,0.0,0.0,0.0
2024-02-18,0.0,0.02734375,0.0,0.0,0.0,0.0
2024-02-19,0.0947265625,0.2353515625,0.357421875,0.02734375,0.0,0.3505859375
2024-02-20,0.0107421875,0.2578125,0.1162109375,0.2490234375,0.0,0.0
2024-02-21,0.0,0.0,0.0,0.0,0.0,0.0
2024-02-22,0.0,0.0,0.0,0.0,0.0,0.0
2024-02-23,0.0009765625,0.0,11.5927734375,0.0,2.365234375,18.5126953125
2024-02-24,0.0,0.0,0.0,0.0,0.0,0.23046875
2024-02-25,0.0,0.0,0.0,0.0,0.0,0.0
2024-02-26,0.0,0.0,0.0,0.0,0.0,0.0
2024-02-27,0.0,0.0,0.0,0.0,0.0,0.0
2024-02-28,0.0,0.0751953125,0.0,0.0,0.0,0.0
2024-02-29,0.0,0.0,0.0,0.0,0.0,0.0
2024-03-01,0.0,0.208984375,0.0,0.5380859375,0.0,0.0
2024-03-02,0.0,0.0009765625,0.0,0.0,0.0,0.0
2024-03-03,0.0,0.0,1.208984375,0.1396484375,5.3046875,4.76171875
2024-03-04,0.0,0.0322265625,0.13671875,0.0517578125,0.1435546875,5.2294921875
2024-03-05,0.46875,0.57421875,1.7373046875,0.123046875,0.3486328125,0.0
2024-03-06,0.7001953125,1.3251953125,3.7080078125,1.0458984375,0.708984375,0.755859375
2024-03-07,0.0,0.0,0.0,0.0,0.0,0.0
2024-03-08,0.0,0.0,0.498046875,0.0,0.591796875,6.240234375
2024-03-09,0.0,0.0,0.0,0.0,0.0,0.0
2024-03-10,0.79296875,0.2294921875,18.89453125,2.6708984375,7.1904296875,21.61328125
2024-03-11,0.2568359375,1.37890625,0.0,0.0,0.0,0.0
2024-03-12,0.0,0.05859375,0.0,0.0,0.0,0.0
2024-03-13,0.0,0.162109375,0.0,0.0478515625,0.0,0.0
2024-03-14,0.0,0.0,0.0,0.0,0.0,0.0
2024-03-15,0.0,0.0,0.0,0.0537109375,0.0,0.0
2024-03-16,0.0,0.0,0.0,0.0,0.0,0.0
2024-03-17,0.0,0.0,0.0,0.0673828125,0.0,0.0
2024-03-18,0.0,0.0615234375,2.501953125,0.771484375,0.107421875,4.2548828125
2024-03-19,0.0,0.0,0.0,0.0,0.0,0.0
2024-03-20,0.0,0.0,0.0,0.0,0.0,0.0
2024-03-21,0.0,0.0,0.0,0.0,0.01171875,0.0
2024-03-22,0.0,0.0,0.0,0.0,0.0,0.0
2024-03-23,6.9853515625,12.0634765625,10.0078125,6.7626953125,1.1142578125,10.427734375
2024-03-24,0.0,0.0,0.2109375,0.0498046875,0.0234375,0.470703125
2024-03-25,0.0,0.0,0.0,0.0,0.0,2.998046875
2024-03-26,0.0,0.0,0.0,0.0,0.0,0.0
2024-03-27,0.0,0.0,0.02734375,0.0,0.01953125,0.0
2024-03-28,0.0,0.0,0.0,0.0,0.0,0.0
2024-03-29,0.0,0.0,0.0,0.0,0.0,0.0
2024-03-30,0.0,0.0,0.0,0.0,0.0,0.0
2024-03-31,0.0,0.0,0.0,0.0,0.0,0.0
2024-04-01,0.0,0.0,0.0,0.0,0.0,0.0
2024-04-02,0.0,0.0,0.0,0.0,0.0,0.0
2024-04-03,0.0,0.0,0.0,0.0,0.0,0.0
2024-04-04,0.0,0.0,0.0,0.0,0.0,0.0
2024-04-05,0.0,0.0,0.0,0.0,0.0,0.0
2024-04-06,0.0,0.0,0.0,0.0,0.0,0.0
2024-04-07,0.0,0.0,0.0,0.0,0.0,0.0
2024-04-08,0.0,0.0,0.0,0.0,0.0,0.0
2024-04-09,0.0,0.0,0.0,0.0,0.0,0.0
2024-04-10,0.0,0.0,0.0,0.0,0.0,0.0
2024-04-11,0.0,0.0,0.0,0.0,0.0,0.0
2024-04-12,0.0,0.0,0.0,0.0,0.0,0.0
2024-04-13,0.0,0.0,0.0,0.0,0.0,0.0
2024-04-14,0.0,0.0,0.0,0.0,0.0,0.0
2024-04-15,0.0,0.0,0.0,0.0,0.0,0.0
2024-04-16,0.22265625,2.7705078125,2.283203125,0.5400390625,0.2451171875,1.26953125
2024-04-17,0.0,0.28125,0.6689453125,0.4951171875,0.603515625,3.796875
2024-04-18,0.0,0.0,0.0,0.0,0.0,0.0
2024-04-19,0.0,0.0,1.9921875,0.330078125,2.6865234375,2.6025390625
2024-04-20,0.302734375,2.93359375,8.1826171875,3.599609375,1.6640625,13.8720703125
2024-04-21,0.0,0.0,0.0,0.0,0.0,0.0
2024-04-22,0.0,0.0,0.0,0.0,0.0,0.0
2024-04-23,0.0,0.0,0.0,0.0,0.119140625,0.0
2024-04-24,0.0146484375,0.126953125,0.787109375,0.3349609375,0.134765625,1.708984375
2024-04-25,0.0,0.0,0.0,0.0,0.0,0.0
2024-04-26,0.0,0.0,0.0,0.0,0.0,0.0
2024-04-27,0.0,0.0,0.0,0.0,0.0,0.0
2024-04-28,0.0,0.0,0.0,0.0,0.0,0.0
2024-04-29,0.0,0.0,0.0,0.0,0.0,0.0
2024-04-30,0.0,0.0,0.0,0.0,0.0,0.0
2024-05-01,0.0,0.0,0.0,0.0,0.0009765625,0.048828125
2024-05-02,0.0,0.021484375,0.1474609375,0.0,0.0224609375,1.5703125
2024-05-03,0.0,0.0,0.0,0.0,0.0,0.0
2024-05-04,0.0,0.0,0.0,0.0,0.0,0.0
2024-05-05,0.0,0.0,0.0,0.0,0.0,0.0
2024-05-06,0.0,0.0,0.0,0.0,0.0,0.0
2024-05-07,0.0,0.0,0.0,0.0,0.0,0.0
2024-05-08,0.0,0.0,0.0,0.0,0.0,0.0
2024-05-09,0.0,0.0,0.0,0.0,0.0,0.0
2024-05-10,0.0,0.0,0.0,0.0,0.0,0.0
2024-05-11,0.0,0.0,0.0,0.0,0.0,0.0
2024-05-12,0.0,0.0,0.0,0.0,0.0,0.0
2024-05-13,0.0,0.0,0.0,0.0,0.0,0.00390625
2024-05-14,0.0,0.0,0.0,0.0,0.0,0.0
2024-05-15,0.0,0.0,0.0,0.0,0.0,0.0
2024-05-16,0.0,0.0,0.0,0.0,0.0,0.0
2024-05-17,0.0,0.0,0.0,0.0,0.0,0.0
2024-05-18,0.0,0.0,0.0,0.0,0.0,0.0
2024-05-19,0.0,0.0,0.0,0.0,0.0,0.0
2024-05-20,0.0,0.0,0.0,0.0,0.0,0.0
2024-05-21,0.0,0.0,0.0,0.0,0.0,0.0
2024-05-22,0.0,0.0,0.0,0.0,0.0,0.0
2024-05-23,0.0,0.0,0.0,0.0,0.0,0.0
2024-05-24,0.0,0.0,0.0,0.0,0.0,0.0
2024-05-25,0.0,0.0,0.0,0.0,0.0,0.0
2024-05-26,0.0,0.0,0.0,0.0,0.0,0.0
2024-05-27,0.0,0.0,0.0,0.0,0.0,0.0
2024-05-28,0.0,0.0,0.0,0.0,0.0,0.0
2024-05-29,0.0,0.0,0.0,0.0,0.0,0.0
2024-05-30,0.0,0.0,0.0,0.0,0.0,0.0
2024-05-31,0.0,0.0,0.0,0.0,0.0,0.0
2024-06-01,0.0,0.0,0.0,0.0,0.0,0.0
2024-06-02,0.0,0.0,0.0,0.0,0.0,0.0
2024-06-03,0.0,0.0,0.0,0.0,0.0,0.0
2024-06-04,0.0,0.0,0.0,0.0,0.0,0.0
2024-06-05,0.0,0.0,0.0,0.0,0.0,0.0
2024-06-06,0.0,0.0,0.0,0.0,0.0,0.0
2024-06-07,0.0,0.0,0.0,0.0,0.0,0.0
2024-06-08,0.0,0.0,0.0,0.0,0.0,0.0
2024-06-09,0.0,0.0,0.0,0.0,0.0,0.0
2024-06-10,0.0,0.0,0.0,0.0,0.0,0.0
2024-06-11,0.0,0.0,0.0,0.0,0.0,0.0
2024-06-12,0.0,0.0,0.0,0.0,0.0,0.0
2024-06-13,0.0,0.0,0.0,0.0,0.0,0.0
2024-06-14,0.0,0.0,0.0,0.0,0.0,0.0
2024-06-15,0.0,0.0,0.0,0.0,0.0,0.0
2024-06-16,0.0,0.0,0.0,0.0,0.0,0.0
2024-06-17,0.0,0.0,0.0,0.0,0.0,0.0
2024-06-18,0.0,0.0,0.0,0.0,0.0,0.0
2024-06-19,0.0,0.0,0.0,0.0,0.0,0.0
2024-06-20,0.0,0.0,0.0,0.0,0.0,0.0
2024-06-21,0.0,0.0,0.0,0.0,0.0,0.0
2024-06-22,0.0,0.0,0.0,0.0,0.0,0.0
2024-06-23,0.0,0.0,0.0,0.0,0.0,0.0
2024-06-24,0.0,0.0,0.0,0.0,0.0,0.0
2024-06-25,0.0,0.0,0.0,0.0,0.0,0.0
2024-06-26,0.0,0.0,0.0,0.0,0.0,0.0
2024-06-27,0.0,0.0,0.0,0.0,0.0,0.0
2024-06-28,0.0,0.0,0.0,0.0,0.0,0.0
2024-06-29,0.0,0.0,0.0,0.0,0.0,0.0
2024-06-30,0.0,0.0,0.0,0.0,0.0,0.0
2024-07-01,0.0,0.0,0.0,0.0,0.0,0.0
2024-07-02,0.0,0.0,0.0,0.0,0.0,0.0
2024-07-03,0.0,0.0,0.0,0.0,0.0,0.0
2024-07-04,0.0,0.0,0.0,0.0,0.0,0.0
2024-07-05,0.0,0.0,0.0,0.0,0.0,0.0
2024-07-06,0.0,0.0,0.0,0.0,0.0,0.0
2024-07-07,0.0,0.0,0.0,0.0,0.0,0.0
2024-07-08,0.0,0.0,0.0,0.0,0.0,0.0
2024-07-09,0.0,0.0,0.0,0.0,0.0,0.0
2024-07-10,0.0,0.0,0.0,0.0,0.0,0.0
2024-07-11,0.0,0.0,0.0,0.0,0.0,0.0
2024-07-12,0.0,0.0,0.0,0.0,0.0,0.0
2024-07-13,0.0,0.0,0.0,0.0,0.0,0.0
2024-07-14,0.0,0.0,0.0,0.0,0.0,0.0
2024-07-15,0.0,0.0,0.0,0.0,0.0,0.0
2024-07-16,0.0,0.0,0.0,0.0,0.0,0.0
2024-07-17,0.0,0.0,0.0,0.0,0.0,0.0
2024-07-18,0.0,0.0,0.0,0.0,0.0,0.0
2024-07-19,0.0,0.0,0.0,0.0,0.0,0.0
2024-07-20,0.0,0.0,0.0,0.0,0.0,0.0
2024-07-21,0.0,0.0,0.0,0.0,0.0,0.0
2024-07-22,0.0,0.0,0.0,0.0,0.0,0.0
2024-07-23,0.0,0.0,0.0,0.0,0.0,0.0
2024-07-24,0.0,0.0,0.0,0.0,0.0,0.0
2024-07-25,0.0,0.0,0.0,0.0,0.0,0.0
2024-07-26,0.0,0.0,0.0,0.0,0.0,0.0
2024-07-27,0.0,0.0,0.0,0.0,0.0,0.0
2024-07-28,0.0,0.0,0.0,0.0,0.0,0.0
2024-07-29,0.0,0.0,0.0,0.0,0.0,0.0
2024-07-30,0.0,0.0,0.0,0.0,0.0,0.0
2024-07-31,0.0,0.0,0.0,0.0,0.0,0.0
2024-08-01,0.0,0.0,0.0,0.0,0.0,0.0
2024-08-02,0.0,0.0,0.0,0.0,0.0,0.0
2024-08-03,0.0,0.0,0.0,0.0,0.0,0.0
2024-08-04,0.0,0.0,0.0,0.0,0.0,0.0
2024-08-05,0.0,0.0,0.0,0.0,0.0,0.0
2024-08-06,0.0,0.0,0.0,0.0,0.0,0.0
2024-08-07,0.0,0.0,0.0,0.0,0.0,0.0
2024-08-08,0.0,0.0,0.0,0.0,0.0,0.0
2024-08-09,0.0,0.0,0.0,0.0,0.0,0.0
2024-08-10,0.0,0.0,0.0,0.0,0.0,0.0
2024-08-11,0.0,0.0,0.0,0.0,0.0,0.0
2024-08-12,0.0,0.0,0.0,0.0,0.0,0.0
2024-08-13,0.0,0.0,0.0,0.0,0.0,0.0
2024-08-14,0.0,0.0,0.0,0.0,0.0,0.0
2024-08-15,0.0,0.0,0.0,0.0,0.0,0.0
2024-08-16,0.0,0.0,0.0,0.0,0.0,0.0
2024-08-17,0.0,0.0,0.0,0.0,0.0,0.0
2024-08-18,0.0,0.0,0.0,0.0,0.0,0.0
2024-08-19,0.0,0.0,0.0,0.0,0.0,0.0
2024-08-20,0.0,0.0,0.0,0.0,0.0,0.0
2024-08-21,0.0,0.0,0.0,0.0,0.0,0.0
2024-08-22,0.0,0.0,0.0,0.0,0.0,0.0
2024-08-23,0.0,0.0,0.0,0.0,0.0,0.0
2024-08-24,0.0,0.0,0.0,0.0,0.0,0.0
2024-08-25,0.0,0.0,0.0,0.0,0.0,0.0
2024-08-26,0.0,0.0,0.0,0.0,0.0,0.0
2024-08-27,0.0,0.0,0.0,0.0,0.0,0.0
2024-08-28,0.0,0.0,0.0,0.0,0.0,0.0
2024-08-29,0.0,0.0,0.0,0.0,0.0,0.0
2024-08-30,0.0,0.0,0.0,0.0,0.0,0.0
2024-08-31,0.0,0.0,0.0,0.0,0.0,0.0
2024-09-01,0.0,0.0,0.0,0.0,0.0,0.0
2024-09-02,0.0,0.0,0.0,0.0,0.0,0.0
2024-09-03,0.0,0.0,0.0,0.0,0.0,0.0
2024-09-04,0.0,0.0,0.0,0.0,0.0,0.0
2024-09-05,0.0,0.0,0.0,0.0,0.0,0.0
2024-09-06,0.0,0.0,0.0,0.0,0.0,0.0
2024-09-07,0.0,0.0,0.0,0.0,0.0,0.0
2024-09-08,0.0,0.0,0.0,0.0,0.0,0.0
2024-09-09,0.0,0.0,0.0,0.0,0.0,0.0
2024-09-10,0.0,0.0,0.0,0.0,0.0,0.0
2024-09-11,0.0,0.0,0.0,0.0,0.0,0.0
2024-09-12,0.0,0.0,0.0,0.0,0.0,0.0
2024-09-13,0.0,0.0,0.0009765625,0.0146484375,0.0,0.0
2024-09-14,0.0,0.0,0.0,0.0,0.0,0.0
2024-09-15,0.0,0.0,0.0,0.0,0.0,0.0
2024-09-16,0.0,0.0,0.0,0.0,0.0,0.0
2024-09-17,0.0,0.0,0.0,0.0,0.0,0.0
2024-09-18,0.0,0.0,0.0,0.0,0.0,0.0
2024-09-19,0.0,0.0,0.0,0.0,0.0,0.0
2024-09-20,0.0,0.0,0.0,0.0,0.0,0.0
2024-09-21,0.0,0.0,0.0,0.0,0.0,0.0
2024-09-22,0.0,0.0,0.0,0.0,0.0,0.0
2024-09-23,0.0,0.0,0.0,0.0,0.0,0.0
2024-09-24,0.0,0.0,0.0,0.0,0.0,0.0
2024-09-25,0.0,0.0,0.0,0.0,0.0,0.0
2024-09-26,0.0,0.0,0.0,0.0,0.0,0.0
2024-09-27,0.0,0.0,0.0,0.0,0.0,0.0
2024-09-28,0.0,0.0,0.0,0.0,0.0,0.0498046875
2024-09-29,0.0,0.0,0.0,0.0,0.0,0.080078125
2024-09-30,0.0,0.0,0.0,0.0,0.0,0.0
2024-10-01,0.0,0.0,0.0,0.0,0.0,0.0
2024-10-02,0.0,0.0,0.0,0.0,0.0,0.0
2024-10-03,0.0,0.0,0.0,0.0,0.0,0.0
2024-10-04,0.0,0.0,0.0,0.0,0.0,0.0
2024-10-05,0.0,0.0,0.0,0.0,0.0,0.0
2024-10-06,0.0,0.0,0.0,0.0,0.0,0.0
2024-10-07,0.0,0.0,0.0,0.0,0.0,0.0
2024-10-08,0.0,0.0,0.0,0.0,0.0,0.0
2024-10-09,0.0,0.0,0.0,0.0,0.0,0.0
2024-10-10,0.0,0.0,0.0,0.0,0.0,0.0
2024-10-11,0.0,0.0,0.0,0.0,0.0,0.0
2024-10-12,0.0,0.0,0.0,0.0,0.0,0.0
2024-10-13,0.0,0.0,0.0,0.0,0.0,0.0
2024-10-14,0.0,0.0,0.0,0.0,0.0,0.0
2024-10-15,0.0,0.0,0.0,0.0,0.0,0.0
2024-10-16,0.0,0.0,0.0,0.0,0.0,0.0
2024-10-17,0.0,0.0,0.0,0.0,0.0,0.0
2024-10-18,0.0,0.0,0.0,0.0,0.0,0.0
2024-10-19,0.0,0.0,0.0,0.0,0.0,0.0
2024-10-20,0.0,0.0,0.0,0.0,0.0,0.0
2024-10-21,0.0,0.0,0.0,0.0,0.0,0.0
2024-10-22,0.0,0.0,0.0,0.0,0.0,0.0
2024-10-23,0.0,0.0,0.0,0.0,0.0,0.0
2024-10-24,0.0,0.0,0.0,0.0,0.0,0.0
2024-10-25,0.0,0.0,0.0,0.0,0.0,0.0
2024-10-26,0.0,0.0,0.0,0.0,0.0,0.0
2024-10-27,0.0,0.0,0.0,0.0,0.0,0.0
2024-10-28,0.0,0.0,0.0,0.0,0.0,0.0
2024-10-29,0.0,0.0,0.0,0.0,0.0,0.0
2024-10-30,0.0,0.0,0.0,0.0,0.0,0.0
2024-10-31,0.0,0.0,0.0,0.0,0.0,0.0
2024-11-01,0.0,0.0,0.0,0.0,0.0,0.0
2024-11-02,0.0,0.0,0.0,0.0,0.0,0.0
2024-11-03,0.0,0.0,0.0,0.0,0.0,0.0
2024-11-04,0.0,0.0,0.0,0.0,0.0,0.0
2024-11-05,0.0,0.0,0.0,0.0,0.0,0.0
2024-11-06,0.0,0.0,0.0,0.0,0.0,0.0
2024-11-07,0.0,0.0,0.0,0.0,0.0,0.0
2024-11-08,0.0,0.0,0.0,0.0,0.0,0.0
2024-11-09,0.0,0.0,0.0,0.0,0.0,0.0
2024-11-10,0.01953125,0.33984375,0.314453125,0.716796875,0.0,0.07421875
2024-11-11,0.0498046875,0.1572265625,0.0546875,0.1923828125,0.0,0.0009765625
2024-11-12,0.0654296875,0.0322265625,0.0380859375,0.01953125,0.0,0.892578125
2024-11-13,6.7138671875,7.5029296875,11.5,5.931640625,0.03125,4.0419921875
2024-11-14,0.0,0.12109375,0.0380859375,0.0,0.033203125,0.0
2024-11-15,0.0,0.0,0.0,0.0,0.0,0.0
2024-11-16,0.0,0.0,0.0,0.0,0.0,0.0
2024-11-17,0.0,0.0,0.0,0.0,0.0,0.0
2024-11-18,0.0,0.0,0.0,0.0,0.0,0.0
2024-11-19,16.2451171875,20.3955078125,8.0205078125,9.7294921875,0.0,0.0
2024-11-20,0.501953125,0.0283203125,2.23046875,1.9296875,0.4716796875,1.9375
2024-11-21,0.0,0.0,0.0,0.0,0.0,7.7470703125
2024-11-22,0.0,0.0,0.0,0.0,0.0,0.0
2024-11-23,0.0,0.0,0.0,0.0,0.0,0.0
2024-11-24,0.0,0.0,0.0,0.0,0.0,0.0
2024-11-25,0.0,0.0,0.0,0.0,0.0,0.0
2024-11-26,0.0,0.0,0.0,0.0,0.0,0.0
2024-11-27,0.0,0.0,0.0,0.0,0.0,0.0
2024-11-28,11.505859375,14.642578125,14.9443359375,9.9892578125,3.2529296875,13.6748046875
2024-11-29,8.8115234375,14.3447265625,13.806640625,16.8193359375,14.3984375,16.548828125
2024-11-30,0.0,0.18359375,7.576171875,3.517578125,0.0,19.345703125
2024-12-01,0.0,0.0,0.0,0.0,0.0,0.0068359375
2024-12-02,0.0,0.0,0.0,0.0,0.0,0.0
2024-12-03,0.0,0.0,0.0,0.0,0.0,0.0
2024-12-04,5.6279296875,5.6494140625,9.4521484375,4.66015625,9.1162109375,18.2470703125
2024-12-05,0.0,0.0,0.0,0.0,0.0,15.6611328125
2024-12-06,0.462890625,4.1982421875,8.255859375,4.873046875,1.85546875,5.599609375
2024-12-07,0.0,0.73828125,10.34375,3.73828125,5.1494140625,25.6865234375
2024-12-08,0.0,0.0,0.0,0.0,0.91015625,6.5283203125
2024-12-09,0.0,0.0,0.0,0.0,0.0,0.4052734375
2024-12-10,0.1083984375,0.1015625,1.5712890625,0.0,0.0,1.6650390625
2024-12-11,0.0302734375,0.115234375,0.0,0.0,0.0,0.0
2024-12-12,0.0,0.0,0.0,0.0,0.0,0.0
2024-12-13,0.4423828125,0.0,0.0068359375,0.0,0.8251953125,10.69921875
2024-12-14,0.3779296875,1.3173828125,2.5078125,1.271484375,1.666015625,6.173828125
2024-12-15,0.0,0.0,0.0,0.0,0.0,0.0
2024-12-16,0.0,0.0,0.0,0.0,0.0,0.0
2024-12-17,0.0,0.0,0.0,0.0,0.0,0.0
2024-12-18,0.0,0.0,0.0,0.0,0.0,0.0
2024-12-19,3.697265625,4.7490234375,6.9814453125,9.3271484375,7.6259765625,21.30859375
2024-12-20,3.07421875,8.4951171875,5.478515625,6.5947265625,5.4921875,5.626953125
2024-12-21,1.5751953125,0.0,1.1845703125,0.6767578125,0.2978515625,0.2021484375
2024-12-22,6.001953125,5.5458984375,25.4423828125,7.470703125,44.0576171875,38.6884765625
2024-12-23,11.95703125,14.6142578125,7.626953125,7.205078125,0.8994140625,1.4365234375
2024-12-24,6.3828125,16.447265625,3.9697265625,5.8154296875,1.4130859375,8.0986328125
2024-12-25,0.14453125,1.3154296875,0.60546875,0.6298828125,0.0,1.2197265625
2024-12-26,0.0,0.0,0.0,0.0,0.0,0.0
2024-12-27,0.0,0.0,0.0,0.0,0.0,0.0
2024-12-28,0.0,0.0,0.0,0.0,0.0,0.0
2024-12-29,0.0,0.0,0.0,0.0,0.0,0.0
2024-12-30,0.0,0.0,0.0,0.0,0.0,0.0
2024-12-31,0.0,0.0,0.0,0.0,0.0,0.0
